custom_score,paper_name,count_借,count_稅,count_借用他人,count_借名,count_利用他人,count_利用,count_借用,count_借牌,count_借用名義,count_借名登記,count_借名契約,count_出借牌照,count_用人頭,count_出借人,count_借用人,count_帳戶,count_股票,count_不動產,count_投標,count_營業,count_執業,count_靠行,count_稅法,count_民法,count_信託,excluded,threshold_ok,final_pass,text_len
78567,陳清秀 - 稅法上借牌營業課稅問題之探討－從體系正義觀點出發.pdf,280,886,2,62,22,52,33,171,7,29,2,16,0,2,0,3,1,6,7,411,0,0,198,86,9,False,True,True,41811
44011,黃健彰 - 不動產借名登記契約有效性的檢討.pdf,446,98,3,419,1,9,12,1,2,338,9,0,0,0,0,1,1,230,0,2,0,0,8,83,471,False,True,True,60998
33161,戴銘昇 - 證券交易法講義 第 2 冊（2025 年 10 月版）.pdf,348,301,0,0,95,155,4,1,0,0,0,0,1,6,0,152,1858,68,1,773,2,1,29,63,613,False,True,True,931253
31939,柯格鐘 - 借用他人名義在特銷稅上的評價－最高行政法院 109 年度上字第 5886 號判決簡評.pdf,80,527,45,14,0,0,59,0,10,0,0,0,0,0,0,0,2,0,4,7,0,0,33,3,3,False,True,True,12926
26612,柯格鐘 - 論稅捐規避行為之立法與行為的類型化.pdf,35,1642,11,4,0,0,26,0,3,0,0,0,0,0,0,2,2,0,0,26,0,0,187,25,4,False,True,True,66891
21751,陳清秀 - 所得稅法上之信託課稅－以綜合所得稅為中心.pdf,19,1312,0,14,0,10,1,0,0,12,0,0,0,0,0,0,21,11,0,21,0,0,279,13,1656,False,True,True,64512
9927,柯格鐘 - 稅捐規避及其相關聯概念之辨正.pdf,22,808,0,11,0,36,3,4,0,9,1,0,0,0,0,1,1,1,3,26,1,0,50,29,22,False,True,True,36507
8226,黃源浩 - 實質課稅與稅捐規避行為之舉證責任.pdf,23,876,1,7,0,6,4,0,0,1,4,0,0,0,0,0,0,1,0,22,1,0,217,47,0,False,True,True,38255
7187,黃健彰 - 不動產借名登記相關民事法律關係－以評析近年最高法院裁判為主.pdf,559,9,2,550,0,0,3,0,0,343,0,0,0,0,0,0,0,0,0,0,0,0,2,121,78,False,True,True,46595
7021,柯格鐘 - 稅捐稽徵協力義務、推計課稅與協力義務違反的制裁－以納稅者權利保護法第 14 條規定討論與條文修正建議為中心.pdf,5,2241,1,1,0,1,1,0,0,0,0,0,0,0,0,0,0,0,0,90,4,0,190,3,0,False,True,True,78823
6895,謝如蘭 - 納保法實施後稅務專庭對於納稅者權利保障的實踐.pdf,11,1664,0,3,0,12,0,0,0,2,1,0,0,0,0,4,10,1,0,39,1,0,152,0,0,False,True,True,55198
5815,黃源浩 - 論國際稅法中的「受益所有人」概念.pdf,6,778,0,0,6,54,2,0,1,0,0,0,0,0,0,2,8,0,0,9,0,0,226,2,47,False,True,True,54776
4589,謝哲勝 - 消極信託和借名登記形同脫法行為－實務相關判決評釋.pdf,127,34,4,109,0,0,12,0,1,104,0,0,0,0,0,0,0,0,0,0,0,0,0,16,227,False,True,True,14854
4414,范文清 - 論欠稅限制出境之合憲性.pdf,7,1082,0,3,0,0,0,0,0,2,0,0,1,0,0,1,5,1,0,3,0,0,54,4,2,False,True,True,72793
4335,陳清秀 - 實質課稅原則之適用界限.pdf,18,809,0,4,0,0,7,0,0,3,0,0,4,0,2,5,27,0,0,65,0,0,137,10,4,False,True,True,40039
4307,盛子龍 - 租稅核課處分存續力之突破與退稅請求權.pdf,1,2072,0,1,0,4,0,0,0,1,0,0,0,0,0,1,1,7,0,12,0,0,109,25,0,False,True,True,75096
4242,陳清秀 - 實質課稅原則裁判之研討.pdf,15,1233,0,1,1,57,5,3,0,1,0,0,4,0,0,1,9,7,0,157,0,0,208,18,54,False,True,True,46528
3984,吳從周 - 我國不動產借名登記契約之發展現狀－特別著重觀察內部效力與外部效力演變之互動.pdf,281,10,0,274,0,2,6,0,0,167,15,0,1,0,0,0,0,102,0,0,0,0,0,46,66,False,True,True,21536
3787,陳清秀 - 量能課稅原則在所得稅法上之實踐－綜合所得稅裁判之評析.pdf,10,878,2,0,1,44,4,0,0,0,0,0,0,0,1,0,16,2,0,11,0,0,175,6,0,False,True,True,38484
3662,戴銘昇 - 公司法講義第4冊（2025年7月版）.pdf,26,847,0,0,1,34,1,2,0,0,0,1,0,0,0,15,937,45,1,473,0,0,116,217,98,False,True,True,799591
3291,陳清秀 - 從整體法律秩序統一性觀點探討稅法與民法之關係.pdf,18,876,0,0,2,7,17,0,0,0,0,0,0,0,0,0,2,24,0,76,0,0,358,157,0,False,True,True,47112
3251,柯格鐘 - 再論租稅刑罰與租稅行政罰之關係.pdf,13,288,0,10,0,0,3,0,0,1,0,0,0,0,0,1,0,0,0,29,0,0,16,0,0,False,True,True,9626
2864,柯格鐘 - 事實認定錯誤之溢繳稅款的返還－最高行政法院 107 年度判字第 340 號判決評釋.pdf,10,352,0,7,0,0,3,0,2,3,0,0,0,0,0,0,0,0,0,2,0,0,14,0,0,False,True,True,12066
2569,戴銘昇 - 公司法講義第1冊（2025年10月版）.pdf,200,269,0,1,2,32,13,1,0,1,0,0,1,0,7,47,252,63,3,482,5,0,26,310,44,False,True,True,578316
2402,江彥佐 - 營業稅法信託課稅問題之研討－以德國法為比較中心（上）.pdf,8,429,0,3,0,0,2,0,2,0,0,0,0,0,0,0,1,0,0,286,0,0,97,5,279,True,True,False,22957
2322,陳清秀 - 稅務行政爭訟舉證責任相關問題探討.pdf,14,708,0,2,0,0,2,2,0,1,0,0,0,0,0,0,4,0,0,82,0,0,83,2,4,False,True,True,37881
2111,陳清秀 - 納稅人權利保障之法理－兼評納稅人權利保護法草案.pdf,2,1012,1,0,0,0,1,0,0,0,0,0,0,0,0,0,6,0,0,0,2,0,74,0,0,False,True,True,28303
2052,封昌宏 - 股票信託課稅之爭議問題研究.pdf,2,963,0,0,0,0,1,0,0,0,0,0,0,0,0,1,164,0,0,0,0,0,134,7,780,False,True,True,53183
2008,王志誠 and 葛冠琳 - 從實質課稅原則論贈與不法所得之課稅問題.pdf,8,610,1,1,0,0,6,0,0,0,0,0,0,0,0,7,0,0,0,0,0,0,105,30,18,False,True,True,21718
1994,江彥佐 - 營業稅法信託課稅問題之研討－以德國法為比較中心（下）.pdf,5,276,0,5,0,0,0,0,0,0,0,0,0,0,0,1,1,0,0,185,0,0,58,4,74,False,True,True,17030
1847,陳清秀 - 量能課稅與實質課稅原則（下）.pdf,5,810,0,0,1,31,4,0,0,0,0,0,0,0,0,0,8,5,0,29,0,0,132,8,3,False,True,True,23586
1824,廖欽福 - 特種貨物及勞務稅條例之立法評析－居住正義之實現與奢侈稅之開徵.pdf,1,834,0,0,1,32,1,0,0,0,0,0,0,0,0,0,0,20,0,50,0,0,44,5,1,False,True,True,35405
1812,宋政佳 - 論稅捐歸屬之憲法內涵.pdf,3,1582,0,0,0,0,1,0,0,0,0,0,0,0,0,0,0,0,0,53,0,0,161,12,0,False,True,True,54183
1801,陳衍任 - 跨國稅捐事務的思考流程與審查步驟.pdf,2,789,0,1,0,26,0,0,0,1,0,0,0,0,0,0,0,2,0,67,0,0,119,0,4,False,True,True,30703
1767,林大洋 - 借名登記對外效力之探討－法學方法與債法現代化之思考.pdf,148,8,1,141,0,0,5,0,1,86,0,0,1,1,1,0,1,0,0,0,0,0,0,41,54,False,True,True,15623
1681,蔡旻耿 and 陳靜瑩 - 不動產借名登記契約之負擔行為與處分行為.pdf,245,2,1,234,0,0,10,0,0,128,1,0,0,0,0,1,0,276,0,0,0,0,0,78,0,False,True,True,37684
1659,陳清秀 - 稅法上之正當法律程序.pdf,4,759,0,1,0,0,0,0,0,0,0,0,0,0,0,0,0,0,0,23,0,0,111,1,0,False,True,True,42986
1628,廖欽福 - 論菸稅與菸品健康福利捐之財政民主統制.pdf,2,753,0,1,0,9,0,0,0,0,0,0,0,0,0,0,0,0,0,15,1,0,81,4,8,False,True,True,79894
1618,陳清秀 - 加值型營業稅之「所漏稅額」之計算－釋字第 660 號解釋評析.pdf,3,1114,0,0,0,0,0,2,0,0,0,0,0,0,0,0,0,0,0,354,0,0,144,1,0,False,True,True,28400
1601,陳聰富 - 脫法行為、消極信託及借名登記契約－最高法院九十四年度台上字第三六二號民事判決評釋.pdf,101,12,5,80,0,0,17,0,0,77,0,0,0,0,0,0,0,0,0,0,0,0,0,29,175,False,True,True,14353
1582,張哲瑋 - 稅務預先核釋制度現況分析與檢討.pdf,5,1400,0,0,0,4,1,0,0,0,0,0,0,0,0,0,4,0,0,14,0,0,154,0,0,False,True,True,54107
1489,李維中 - 農地借名登記問題探討－以刪除前土地法第 30 條適用範圍及當事人間契約有效性為核心.pdf,260,2,4,234,0,4,14,0,0,122,0,0,0,0,0,0,0,13,0,0,0,0,0,25,97,False,True,True,27748
1486,柯格鐘 - 實質課稅原則與其在稅捐程序法中之運用－兼論稅捐稽徵法第 12 條之 1 的增訂.pdf,9,1311,0,0,0,0,4,0,0,0,0,0,0,0,0,0,0,0,0,18,0,0,92,27,25,False,True,True,55696
1424,陳清秀 - 營業稅之稅捐主體與客體之探討.pdf,2,467,0,1,0,0,0,0,0,1,0,0,0,0,0,0,0,0,0,397,0,0,57,11,20,False,True,True,27666
1374,黃源浩 - 論進項稅額扣抵權之成立及行使.pdf,3,953,0,0,0,24,0,3,0,0,0,0,0,0,0,0,0,4,0,306,0,0,81,0,0,False,True,True,36665
1351,藍元駿 - 稅捐債務作為繼承之標的－從最高行政法院九十二年九月與九十三年二月庭長法官聯席會議出發.pdf,3,1108,0,0,0,0,3,0,0,0,0,0,0,0,0,0,0,0,0,10,0,0,185,42,0,False,True,True,44855
1267,邱玟惠 - 借名登記契約當事人死亡之實務爭議－最高法院 104 年度台上字第 1787 號民事判決評析.pdf,222,2,0,219,0,0,2,0,0,111,0,0,0,0,0,0,1,0,0,0,0,0,0,45,8,False,True,True,12458
1263,黃俊杰 - 階段課稅之營業稅法問題.pdf,5,770,0,0,0,0,0,4,0,0,0,0,0,0,0,0,0,0,1,379,0,0,100,4,0,False,True,True,26943
1262,陳清秀 - 營業稅法上課稅主體及逃漏稅之認定問題探討－評析最高行政法院九十八年度判字第一○六一號判決.pdf,7,776,0,0,0,0,0,5,0,0,0,0,0,0,0,1,0,0,0,326,0,0,122,19,6,False,True,True,35853
1253,盧世寧 - 屏東國立海洋生物博物館進口白鯨案稅捐爭議問題研究.pdf,22,534,1,0,0,26,14,5,0,0,0,0,0,0,10,0,0,0,0,19,0,0,72,13,2,False,True,True,24842
1191,柯格鐘 - 稅捐規避之判斷、核課期間與起算點－以農地即將公用徵收前夕之移轉贈與為例.pdf,1,572,1,0,0,0,1,0,0,0,0,0,0,0,0,0,2,0,0,0,0,0,36,3,2,False,True,True,20982
1185,李惠宗 - 稅法上「經濟觀察法」的適用及其界限－兼論錯誤的實質課稅「原則」（下）.pdf,3,951,0,0,0,0,1,0,0,0,0,0,0,0,0,0,2,0,0,86,0,0,135,4,3,False,True,True,36221
1182,陳衍任 - 跨國權利金支付的稅捐課徵－從 BEPS 第 5 號行動方案檢視「歐洲專利盒制度」與「限制權利金費用認列規定」.pdf,4,1015,0,0,0,10,1,0,0,0,0,0,0,0,0,2,0,0,0,40,0,0,109,1,0,False,True,True,77730
1173,張藏文 - 量能課稅原則與稅捐爭訟.pdf,7,972,0,0,0,0,4,0,0,0,0,0,0,0,0,0,0,0,0,8,0,0,180,1,1,False,True,True,37589
1154,邱晨 - 所得稅法上私人費用扣除的憲法基礎以及界限－以德國法制為參考.pdf,5,964,0,0,0,4,3,0,0,0,0,0,0,0,0,0,0,1,0,0,0,0,171,6,0,False,True,True,60125
1131,陳清秀 - 租稅協定相關問題之探討.pdf,6,1027,0,0,0,0,1,0,0,0,0,0,0,0,0,0,0,0,0,15,0,0,82,0,0,False,True,True,33093
1118,邱晨 - 德國法上稅捐規避防堵的概括條款－以探討稅捐規避之構成要件及法適用為中心.pdf,2,1002,0,0,0,13,2,0,0,0,0,0,0,0,0,0,0,15,0,16,0,0,64,4,0,False,True,True,46470
1104,廖欽福 - 能源稅的美麗新世界－環境能源公課之課徵及其憲法界限.pdf,8,995,0,0,0,11,1,0,0,0,0,0,0,0,0,0,0,0,0,4,0,0,85,0,0,False,True,True,54902
1079,陳清秀 - 稅法的融合理論.pdf,18,687,0,0,0,0,14,4,0,0,0,1,0,0,0,0,0,0,0,29,0,0,293,33,0,False,True,True,34561
1063,柯格鐘 - 財政權限劃分與地方稅.pdf,2,955,0,0,0,0,2,0,0,0,0,0,0,0,0,1,0,0,0,41,0,0,62,0,0,False,True,True,55448
1054,葛克昌 - 稅捐稽徵之法治國要求－國家課稅權之基礎規範.pdf,2,843,0,0,0,2,1,0,0,0,0,0,0,0,0,0,0,0,0,7,0,0,172,27,0,False,True,True,30908
1045,盛子龍 - 租稅法上舉證責任、證明度與類型化方法之研究－以贈與稅課徵要件上贈與合意之證明為中心.pdf,9,797,0,0,0,6,5,0,0,0,0,0,2,0,2,20,1,1,0,3,0,0,191,6,2,False,True,True,53022
1044,柯格鐘 - 股票孳息他益信託之課稅－從信託法理談起.pdf,4,175,1,1,0,0,3,0,1,0,0,0,0,0,0,0,41,0,0,2,0,0,26,10,428,False,True,True,15831
1038,陳衍任 - 外幣兌換損益的稅捐課徵.pdf,34,788,0,0,0,0,1,0,0,0,0,0,0,0,1,8,0,27,0,22,0,0,155,2,0,False,True,True,58522
1037,柯格鐘 - 營業稅法上取得非實際交易對象發票之課稅問題－評析行政法院 87 年 7 月份第一次庭長評事聯席會議決議.pdf,25,495,0,0,0,0,0,22,0,0,0,3,0,0,0,0,0,0,0,435,0,0,57,0,0,False,True,True,18031
1018,柯格鐘 - 論稅捐正義的追尋：從憲法平等原則到稅法量能課稅原則的路徑.pdf,1,890,0,0,0,13,1,0,0,0,0,0,0,0,0,0,5,1,0,6,0,0,101,0,0,False,True,True,79315
1014,陳清秀 - 行政法院歷年來優良稅法判決評析.pdf,2,395,0,1,0,22,1,0,0,0,1,0,1,0,1,2,1,4,0,61,0,0,99,3,24,False,True,True,23012
1000,藍元駿 - 美國遺產及贈與稅條約範本之研究.pdf,3,877,0,0,0,1,2,0,0,0,0,0,0,0,0,0,0,25,0,8,0,0,61,6,17,False,True,True,35622
998,蔡旻耿 - 原住民保留地借名登記之法律關係－兼評最高法院 108 年台上大字第 1636 號民事裁定.pdf,233,0,0,228,0,11,3,0,0,186,2,0,0,0,0,0,0,65,0,0,0,0,0,42,0,False,False,False,23416
998,藍元駿 - 重訪租稅國危機及其憲法課題：全球與區域觀點.pdf,8,863,0,0,0,0,6,0,0,0,0,0,0,0,0,0,0,0,0,1,0,0,118,2,0,False,True,True,45217
989,張志偉 and 黃儉華 - 土地使用變更之捐地課稅爭議－從租稅法定原則出發.pdf,2,744,0,0,0,4,2,0,0,0,0,0,0,0,0,0,0,6,0,2,0,0,196,32,1,False,True,True,36214
987,袁義昕 - 從比較法觀點論特種貨物及勞務稅條例.pdf,1,943,0,0,0,0,1,0,0,0,0,0,0,0,0,0,0,1,0,13,0,0,25,0,3,False,True,True,45175
984,陳清秀 - 租稅協定之解釋適用（下）.pdf,2,309,0,2,0,0,0,0,0,1,0,0,0,0,0,0,17,0,0,4,0,0,28,0,1,False,True,True,11431
977,邱晨 - 論稅捐處分撤銷訴訟之裁判類型－以德國財務法院法為中心.pdf,4,929,0,0,0,0,2,0,0,0,0,0,0,0,0,0,0,0,0,16,0,0,26,0,0,False,True,True,65281
923,陳清秀 - 營業稅法之罰則體系（上）.pdf,2,614,0,0,0,0,0,2,0,0,0,0,0,0,0,0,0,0,0,212,0,0,93,0,0,False,True,True,19192
914,李依珊 - 稅捐稽徵機關對裁判憲法審查的因應之道.pdf,2,759,0,0,0,0,1,0,0,0,0,0,0,0,0,0,0,8,0,43,2,0,99,0,0,False,True,True,54506
912,黃源浩 - 納稅者權利保護法施行後之稅捐規避.pdf,22,713,0,0,0,0,3,0,0,0,0,0,0,1,0,0,0,0,0,14,0,0,152,7,0,False,True,True,25308
909,陳清秀 - 營業稅法之罰則體系（下）.pdf,11,547,0,0,0,0,3,6,0,0,0,2,0,0,0,0,0,0,1,245,0,0,92,2,0,False,True,True,19134
904,李建良 - 稅務行政訴訟若干舉證問題析論－以台北高等行政法院 97 年度訴字第 1792 號判決為例案.pdf,4,426,0,1,0,0,0,0,0,0,0,0,0,0,0,3,0,0,0,6,0,0,36,1,0,False,True,True,23369
899,黃源浩 - 營業稅法上協力義務及違反義務之法律效果.pdf,1,578,0,0,0,0,1,0,0,0,0,0,0,0,0,1,0,0,0,165,1,0,148,4,0,False,True,True,22640
887,黃源浩 - 法國不動產稅制簡介.pdf,1,827,0,0,0,0,1,0,0,0,0,0,0,0,1,0,0,0,0,12,0,0,43,0,2,False,True,True,30193
884,陳清秀 - 論稅法上類型化.pdf,14,639,0,0,0,39,4,0,0,0,0,0,0,0,0,1,1,4,0,9,0,0,170,2,1,False,True,True,44738
861,黃源浩 - 企業併購案件中的商譽攤銷與納稅人協力義務的界限.pdf,3,660,0,0,0,1,3,0,0,0,0,0,0,0,0,0,0,1,0,23,0,0,164,6,0,False,True,True,51328
856,李惠宗 - 稅法上「經濟觀察法」的適用及其界限－兼論錯誤的實質課稅「原則」（上）.pdf,6,644,0,0,0,0,5,0,0,0,0,0,0,0,0,0,0,0,0,15,0,0,161,20,5,False,True,True,26855
843,藍元駿 - 再論債法理論於稅法領域的適用－試以贈與稅為例兼論國際稅捐債權的法律性質.pdf,19,616,0,0,0,0,16,0,0,0,0,0,0,0,0,0,0,0,0,1,0,0,149,42,0,False,True,True,22783
841,陳清秀 - 稅法實務導讀（最高行政法院 100 年度判字第 336 號判決等 5 則裁判之說明）.pdf,8,91,0,7,0,11,0,0,0,7,0,0,0,0,0,0,0,0,0,28,0,0,24,4,17,False,True,True,10352
828,盧世寧 - 論租稅關係人交易之法人格否認.pdf,2,603,0,0,0,6,1,0,0,0,0,0,0,0,0,0,0,0,0,64,0,0,143,9,0,False,True,True,37986
826,王勁力 - 論租稅犯罪之刑罰制裁.pdf,1,739,0,0,0,0,0,1,0,0,0,0,1,0,0,1,0,0,0,6,0,0,75,2,0,False,True,True,28498
775,張進德 - 非生產事業發行股票溢價課稅之商榷？－評釋字第 315 號解釋.pdf,3,525,0,0,0,13,1,0,0,0,0,0,0,0,1,0,60,0,0,42,0,0,130,0,0,False,True,True,23262
758,葛克昌 - 法律原則與稅法裁判（上）.pdf,2,554,0,0,0,27,1,0,0,0,0,0,0,0,0,0,0,0,0,19,0,0,139,16,0,False,True,True,31192
754,陳清秀 - 推計課稅之研討.pdf,3,607,0,0,0,23,0,1,0,0,0,0,0,0,0,6,2,1,0,65,0,0,46,0,0,False,True,True,24317
753,陳清秀 - 租稅協定之解釋適用（上）.pdf,2,667,0,0,0,0,1,0,0,0,0,0,0,0,0,0,0,0,0,2,0,0,78,3,0,False,True,True,28851
739,李介民 - 稅務行政上附隨義務.pdf,2,632,0,0,0,0,2,0,0,0,0,0,0,0,0,0,1,0,0,17,0,0,59,18,8,False,True,True,28078
726,邱晨 - 實質課稅原則在稅捐規避案例的適用－借用德國實務經驗.pdf,35,565,0,0,0,0,31,0,0,0,0,0,0,0,0,5,0,0,0,48,0,0,34,7,1,False,True,True,33776
698,陳汶津 - 對臺灣環境稅立法的幾點建議.pdf,1,645,0,0,0,3,1,0,0,0,0,0,0,0,0,0,0,0,0,6,0,0,42,0,0,False,True,True,46034
697,郭松濤 - 談借名登記契約－兼評最高法院 98 年度台上字第 990 號判決.pdf,92,3,3,87,0,9,5,0,0,75,0,0,4,0,1,0,7,12,2,0,0,0,0,14,23,False,True,True,6665
667,李揚 - 大陸企業破產清算中的稅收優先權問題研究.pdf,13,590,0,0,0,2,1,0,0,0,0,0,0,0,0,4,0,0,0,5,0,0,43,9,0,False,True,True,21392
650,宋政佳 - 論稅法與其他法領域之交錯與調整.pdf,6,372,0,0,0,0,4,0,0,0,0,0,0,0,0,0,6,0,0,14,0,0,161,21,66,False,True,True,16114
638,藍元駿 - 租稅國理念下之財產繼承制度－以遺產稅之憲法意義為中心.pdf,3,507,0,0,0,0,3,0,0,0,0,0,0,0,0,0,0,0,0,0,0,0,105,20,0,False,True,True,22862
628,藍元駿 - 歐盟多層次治理與超國界稅法規範體系－國際租稅債權法及其方法論序說.pdf,2,506,0,0,0,1,1,0,0,0,0,0,0,0,0,0,0,0,0,0,0,0,117,1,0,False,True,True,34022
622,盧世寧 - 論一人公司之稅法問題.pdf,7,429,0,0,0,0,0,1,0,0,0,0,0,0,0,1,0,0,0,16,0,0,164,3,1,False,True,True,21891
620,藍元駿 - 全球租稅正義及其方法論初探－全球化的管制理論及其在稅法領域的運用.pdf,4,471,0,0,0,21,4,0,0,0,0,0,0,0,0,0,0,0,0,0,0,0,114,6,0,False,True,True,26078
618,葛克昌 and 藍元駿 - 作為納稅者權利保護法淵源之稅法判決.pdf,7,483,0,0,0,0,2,0,0,0,0,0,0,0,0,0,0,0,0,5,0,0,112,9,0,False,True,True,22072
615,藍元駿 - 稅捐債務法基本問題－公法債務與私法債務.pdf,9,373,0,0,0,0,9,0,0,0,0,0,0,0,0,0,0,0,0,0,0,0,172,52,0,False,True,True,15354
570,李惠宗 - 使用稅務人頭的罪與罰－最高行政法院判決 93 年度判字第 1519 號及 96 年度判字第 1270 號判決評釋.pdf,1,374,0,0,0,23,1,0,1,0,0,0,25,0,0,97,1,1,0,0,0,0,39,5,2,False,True,True,19300
568,陳清秀 - 自然人之居民課稅管轄權－各國立法例之比較.pdf,4,477,0,0,0,0,1,0,0,0,0,0,0,0,0,0,2,0,0,7,0,0,67,10,0,False,True,True,28735
564,黃源浩 - 論經營管理不干涉原則－中國大陸企業所得稅法第 47 條規範意旨之再思考.pdf,1,400,0,0,0,15,1,0,0,0,0,0,0,0,0,0,0,0,0,36,0,0,105,6,0,False,True,True,21443
551,柯格鐘 - 論權證之課稅－從我國稅捐實務作法與理論的差距談起.pdf,1,422,0,0,0,0,1,0,0,0,0,0,0,0,0,3,71,0,0,8,0,0,44,0,1,False,True,True,24763
541,黃俊杰 - 加值型營業稅非形式階段課稅－以合作店及供應商之經營模式為例.pdf,2,336,0,0,0,9,0,1,0,0,0,0,0,0,0,0,0,0,1,163,0,0,27,2,0,False,True,True,9934
535,陳清秀 - 論稅法上類型化（下）.pdf,12,390,0,0,0,21,4,0,0,0,0,0,0,0,0,1,0,2,0,6,0,0,99,0,0,False,True,True,24508
520,陳汶津 and 廖欽福 - 貪污犯罪與租稅資訊之揭露－以德國經驗為例.pdf,2,437,0,0,0,0,1,0,0,0,0,0,0,0,0,0,0,0,0,22,0,0,54,4,0,False,True,True,28663
520,顏佑紘 - 民事法裁判精選－借名登記之內部關係與外部關係（111 台上 2686 判決）.pdf,124,0,0,124,0,0,0,0,0,64,0,0,0,0,0,0,0,0,0,0,0,0,0,84,0,False,False,False,35280
514,柯格鐘 - 行為罰、漏稅罰與逃漏稅捐罪－評司法院大法官釋字第五○三號解釋.pdf,1,358,0,0,0,10,0,1,0,0,0,0,0,0,0,0,0,0,0,97,0,0,47,0,0,False,True,True,12431
494,李念祖 - 稅的憲法界限？－司法院釋字第 641 號解釋的稅法立場試讀.pdf,1,372,0,0,0,0,1,0,0,0,0,0,0,0,0,0,0,0,0,1,0,0,119,0,0,False,True,True,21131
479,盧世寧 - 海關代徵營業稅之利息問題.pdf,2,311,0,0,0,0,1,0,0,0,0,0,0,0,1,0,0,0,0,90,0,0,64,10,0,False,True,True,8357
467,柯格鐘 - 房地合一實價課稅問題與挑戰.pdf,2,223,1,0,0,0,2,0,0,0,0,0,0,0,0,0,0,0,0,7,2,0,3,3,0,False,True,True,7367
460,蔡孟彥 - 從代位權與撤銷詐害債權行為之增訂看本次稅捐稽徵法之修正.pdf,1,353,0,0,0,0,1,0,0,0,0,0,0,0,0,0,0,0,0,1,0,0,39,60,5,False,True,True,15002
445,柯格鐘 - 對於我國稅改政策之建議.pdf,1,411,0,0,0,0,1,0,0,0,0,0,0,0,0,1,0,0,0,15,0,0,16,0,0,False,True,True,11124
439,葛克昌 - 稅法適用：第四講 脫法避稅與法律補充.pdf,4,326,0,0,0,0,1,0,0,0,0,0,0,0,0,0,0,0,0,1,0,0,96,11,0,False,True,True,13200
436,林翰緯 - 簡介近期實務就政府採購法「借牌圍標」行為之判斷.pdf,116,0,21,10,0,1,66,25,3,0,0,0,0,0,13,0,0,0,150,0,0,0,0,0,0,False,False,False,9475
428,陳清秀 - 稅法學研究方法論初探.pdf,1,269,0,0,0,13,1,0,0,0,0,0,0,0,0,0,0,0,0,20,0,0,121,3,0,False,True,True,13917
428,陳清秀 - 國際稅法上權利金所得之課稅.pdf,1,333,0,0,0,0,1,0,0,0,0,0,0,0,0,0,0,0,0,36,0,0,52,1,4,False,True,True,23247
426,藍元駿 - 兩岸稅務管理與多層次規範體系－CFC 的社會學式考察.pdf,1,325,0,0,0,0,1,0,0,0,0,0,0,0,0,0,0,0,0,2,0,0,97,0,0,False,True,True,15188
422,黃源浩 - 不動產無償供他人使用設算所得課稅.pdf,39,145,1,0,0,0,24,0,0,0,0,0,0,0,1,0,0,0,0,10,0,0,41,15,0,False,True,True,7266
412,陳忠五 - 2015 年民事法發展回顧.pdf,71,5,0,4,0,8,13,1,0,4,0,0,0,0,11,2,0,18,3,6,0,0,1,231,10,False,True,True,63539
411,葛克昌 - 信託行為與實質課稅原則.pdf,3,212,0,0,0,0,3,0,0,0,0,0,0,0,0,0,0,0,0,11,0,0,72,15,95,False,True,True,7295
409,柯格鐘 - 論所得稅法之所得分類.pdf,11,198,0,0,0,26,1,0,0,0,0,0,0,0,1,0,1,2,0,27,15,0,95,32,0,False,True,True,14283
408,邱玟惠 - 借名登記契約是否屬「因委任事務之性質不能消滅者」之實務爭議－最高法院 106 年度台上字第 410 號民事判決評析.pdf,104,0,0,104,0,0,0,0,0,68,0,0,0,0,0,0,0,0,0,0,0,0,0,28,0,False,False,False,5912
400,陳昭如 - 父母盡義務，姑姑做功德？－單身無子女性的照顧權與扶養免稅額爭議.pdf,1,327,0,0,0,1,1,0,0,0,0,0,0,0,0,0,0,0,0,0,0,0,51,19,0,False,True,True,34539
375,陳明燦 - 我國不動產借名登記後處分之效力問題分析－以最高法院 106 年第 3 次民事庭會議決議為中心.pdf,79,1,0,79,0,0,0,0,0,44,0,0,0,0,0,0,0,0,0,0,0,0,0,13,1,False,True,True,13233
375,陳忠五 - 2011 年民事法發展回顧.pdf,50,2,0,20,0,3,15,1,0,14,1,0,0,0,14,0,0,9,2,3,0,0,0,178,3,False,True,True,52217
374,林家祺 - 政府採購法停權事由競合與行政罰法之適用.pdf,78,17,7,0,0,0,43,31,1,0,0,0,0,0,0,0,0,0,58,5,0,0,5,3,0,False,True,True,42480
369,蕭宏宜 - 借牌陪標行為的刑事責任問題.pdf,92,0,8,1,1,4,16,71,1,0,0,6,0,0,0,0,0,0,158,1,0,0,0,0,0,False,False,False,19376
368,蔣瑞安 - 論借名登記.pdf,64,2,3,60,0,1,4,0,0,34,2,0,0,0,0,0,0,4,0,1,0,0,0,4,0,False,True,True,3637
356,蔡瑞麟 - 原借名登記因死亡消滅，繼承人未辦繼承登記前借名登記契約無效？－簡評最高法院 106 台上 1222 號判決.pdf,91,0,0,90,0,0,0,0,0,61,0,0,0,0,0,0,0,0,0,0,0,0,0,24,0,False,False,False,4431
356,葛克昌 - 納稅者權利保護法第 7 條租稅規避免罰之規定探討－以 Uber 案觀察為例.pdf,2,278,0,0,0,0,2,0,0,0,0,0,0,0,0,0,0,0,0,20,0,0,47,7,0,False,True,True,9345
347,林慶郎 - 自耕能力與借名登記－最高法院 107 年度台上字第 1023 號判決評析.pdf,85,0,0,81,0,0,3,0,0,72,0,0,0,0,0,0,0,0,0,0,0,0,0,21,4,False,False,False,11988
335,黃俊杰 - 稅捐假扣押制度之裁判分析（中）.pdf,1,157,0,1,0,0,0,0,0,1,0,0,0,0,0,0,1,0,0,0,0,0,16,0,0,False,True,True,5239
334,張文郁 - 論撤銷課稅處分訴訟之訴訟標的.pdf,2,305,0,0,0,0,1,0,0,0,0,0,0,0,0,0,0,0,0,4,0,0,21,1,0,False,True,True,43979
331,葛克昌 - 稅法適用：第三講 經濟觀察法與量能原則.pdf,5,198,0,0,0,0,5,0,0,0,0,0,0,0,0,0,0,0,0,1,0,0,98,24,0,False,True,True,8077
322,黃源浩 - 遺贈與死因贈與在遺產及贈與稅法上的區別.pdf,2,229,0,0,0,0,2,0,0,0,0,0,0,0,0,0,0,0,0,1,0,0,61,26,1,False,True,True,8087
307,陳旺聖 - 析論都市更新「權利變換」之財產權歸屬秩序－從「法秩序一致性」之法學方法出發.pdf,74,22,0,0,0,71,0,2,0,0,0,0,0,0,0,0,0,39,0,4,0,0,8,85,2,False,True,True,73427
307,陳櫻琴 - 營業管制判決之研究.pdf,7,9,0,0,0,6,0,2,0,0,0,0,0,0,0,0,0,3,0,272,0,4,3,0,1,False,True,True,25999
303,黃耀南 - 稅捐裁罰處分與法律保留原則之探討－司法院釋字第 619 號等相關解釋.pdf,1,231,0,0,0,0,1,0,0,0,0,0,0,0,0,0,0,0,0,1,2,0,67,0,0,False,True,True,20114
303,鄧湘全 - 政府採購之陪標刑責解析.pdf,85,0,14,1,0,0,22,56,0,0,0,1,0,0,0,0,0,0,109,0,0,0,0,0,0,False,False,False,9799
300,蔡茂寅 - 實質課稅原則與租稅法律主義.pdf,2,223,0,0,0,0,2,0,0,0,0,0,0,0,0,0,0,0,0,2,0,0,70,1,0,False,True,True,6961
295,王勁力 - 論稅捐稽徵法第 41 條逃漏稅捐罪之追訴與裁罰（下）.pdf,1,138,0,0,1,8,0,1,0,0,0,0,1,0,0,0,0,0,0,0,0,0,6,0,0,False,True,True,3941
284,蔡旻耿 - 禁止不動產估價師設立分事務所的合憲性－兼評司法院大法官釋字第 809 號解釋（下）.pdf,49,0,0,0,0,12,0,11,0,0,0,0,0,0,0,0,0,128,0,8,76,0,0,0,0,False,False,False,13876
273,陳明 - 論投資抵減租稅優惠－以日本薪資、生產力提升稅制為例.pdf,1,225,0,0,0,6,1,0,0,0,0,0,0,0,0,0,0,0,0,3,0,0,37,0,0,False,True,True,6627
265,陳明燦 - 地價稅納稅主體變更之法律問題分析.pdf,7,218,0,0,0,6,4,0,0,0,0,0,0,0,1,0,0,1,0,0,0,0,23,5,0,False,True,True,6276
253,謝碧珠 - 設算利息收入與剔除已支付利息費用之法制調和問題研究－以營利事業所得稅查核準則第 97 條第 11 款為核心.pdf,15,156,0,0,0,0,2,0,0,0,0,0,0,0,2,0,0,0,0,20,0,0,58,0,0,False,True,True,10380
244,陳衍任 - 地價稅的減免事由消滅及其責任歸屬－評臺北高等行政法院高等庭 112 年度訴字第 14 號判決.pdf,11,207,0,0,0,0,9,0,0,0,0,0,0,0,1,0,0,0,0,2,0,0,13,1,0,False,True,True,9906
243,張偉志 - 稅保法「基本生活費不得課稅」應回歸所得稅法進行全面修正.pdf,2,193,0,0,0,0,1,0,0,0,0,0,0,0,0,0,0,0,0,0,0,0,45,2,0,False,True,True,8347
242,蔡晶瑩 - 論借名登記契約／最高院 100 台上 2101 判決.pdf,62,0,0,62,0,4,0,0,0,35,3,0,0,0,0,0,0,3,0,0,0,0,0,8,3,False,False,False,3272
234,林誠二 - 借名登記財產之請求返還方式.pdf,49,1,0,49,0,0,0,0,0,28,0,0,0,0,0,0,0,0,0,0,0,0,0,9,0,False,True,True,3015
230,謝哲勝 - 現行商品責任規範的檢討.pdf,1,2,0,0,0,0,0,1,0,0,0,0,0,0,0,0,0,0,0,5,0,0,0,221,0,False,True,True,57231
209,黃源浩 - 租稅法律上概括條款、法律漏洞與法治國原則－評大法官釋字第521號解釋.pdf,1,134,0,0,0,11,1,0,0,0,0,0,0,0,0,0,1,0,0,0,2,0,58,1,0,False,True,True,14147
207,陳清秀 - 從私法自治權之保障，談稅法對於私法秩序之融合原則.pdf,3,58,0,1,0,0,0,1,0,0,0,0,0,0,0,0,0,0,0,25,0,0,31,25,4,False,True,True,13517
204,謝哲勝 - 借名登記之名消極信託之實－評最高法院九十八年度台上字第七六號判決.pdf,43,0,0,43,0,5,0,0,0,28,0,0,0,0,0,0,0,3,0,0,0,0,0,6,33,False,False,False,4413
190,盧世寧 - 專利侵權損害賠償之所得性質及課稅問題之研究－兼評最高行政法院 94 年度判字第 00807 號判決.pdf,3,106,0,0,0,0,3,0,0,0,0,0,0,0,0,0,2,0,0,5,0,0,29,42,0,False,True,True,29586
188,涂軼 - 淺談商標借名登記.pdf,51,0,0,43,1,1,7,0,0,36,0,0,0,0,0,0,0,0,0,4,0,0,0,1,0,True,False,False,4727
187,王志誠 - 金融業遵法經營之嚴峻考驗－實質關係人之認定標準.pdf,55,0,3,21,0,0,4,27,0,0,0,4,0,0,0,1,3,0,19,8,0,0,0,2,16,False,False,False,26950
187,柯格鐘 - 不動產稅制改革芻議－下.pdf,4,30,0,1,0,8,2,0,1,0,0,0,1,0,1,0,1,102,0,5,0,0,0,0,0,False,True,True,7543
167,洪家殷 - 論行政罰之禁止錯誤－以行政罰法第 8 條之評析為中心.pdf,2,87,0,0,0,43,1,1,0,0,0,1,0,0,0,1,0,0,0,13,3,0,14,1,0,False,True,True,49193
162,洪偉修 - 論詐術圍標罪之可罰性界限.pdf,5,1,0,0,0,14,2,3,0,0,0,0,0,0,0,0,0,0,137,0,0,0,0,0,0,False,True,True,15966
160,趙逸凡 - 打房的第二支箭－評析支持囤房稅正反雙方論點.pdf,1,74,0,1,0,0,0,0,0,0,0,0,1,0,0,0,0,0,0,0,0,0,8,0,0,False,True,True,3951
157,陳櫻琴 - 尋找一把公共利益的尺－採購爭議行政裁判之評析.pdf,36,0,2,0,0,0,16,18,3,0,0,8,0,0,0,0,0,0,71,1,0,0,0,0,0,False,False,False,25238
153,陳榮傳 - 借名登記股份的回復與公同共有－最高法院 110 年度台上字第 724 號民事判決.pdf,31,0,0,31,0,0,0,0,0,23,0,0,0,0,0,0,0,0,0,0,0,0,0,37,0,False,False,False,6711
147,李洙德 - 租稅公平與公私法之界線.pdf,1,112,0,0,0,0,1,0,0,0,0,0,0,0,0,0,0,0,0,2,0,0,29,2,0,False,True,True,6368
146,陳韋樵 - 會計是企業的語言專訪高雄市會計師公會理事長李春宗會計師.pdf,1,94,0,0,0,0,0,1,0,0,0,0,0,0,0,1,1,0,0,4,23,0,18,1,2,False,True,True,12682
144,王志誠 - 出借牌照投標與越權代行簽發票據－評最高法院一○○年度台簡上字第四四號民事判決.pdf,46,0,0,0,0,0,0,46,0,0,0,26,0,0,0,0,0,0,25,0,0,0,0,1,0,False,False,False,6667
144,陳忠五 - 民事類實務導讀（最高法院 106 年度台上字第 1859 號民事判決等 7 則裁判之說明）.pdf,43,0,2,20,0,0,2,0,0,7,0,0,0,0,0,0,0,0,0,0,0,0,0,46,2,False,False,False,13904
135,黃俊杰 - 稅捐法律意見書（二）.pdf,4,102,0,0,0,4,2,0,0,0,0,0,0,0,0,0,0,0,0,11,0,0,12,0,0,False,True,True,3286
134,陳榮傳 - 原住民保留地的借名登記－大法庭裁定的商榷.pdf,31,0,0,30,0,0,0,0,0,28,0,0,0,0,0,0,0,0,0,0,0,0,0,15,0,False,False,False,7316
131,陳忠五 - 民事類實務導讀（最高法院 104 年度台上字第 2006 號民事判決等 15 則裁判之說明）.pdf,41,0,0,0,0,0,16,5,0,0,0,0,0,0,12,0,0,0,1,4,0,0,0,52,0,False,False,False,18720
129,徐婉寧 - 論違法解僱下僱用人之受領遲延責任與危險負擔法理之交錯：以解析我國實務見解及與日本法之比較為中心.pdf,5,0,0,0,0,0,1,1,0,0,0,0,0,0,0,1,0,0,0,0,0,0,0,121,0,False,False,False,40451
128,洪家殷 - 論行政罰之禁止錯誤－以行政罰法第 8 條之評析為中心條.pdf,2,89,0,0,0,1,1,1,0,0,0,1,0,0,0,1,0,0,0,13,3,0,15,1,0,False,True,True,51735
126,陳忠五 - 工程借牌承包的表見代理問題－最高法院 100 年度台上字第 1827 號判決評釋.pdf,25,0,0,0,0,12,0,21,0,0,0,1,0,0,0,0,0,0,3,0,0,0,0,64,0,False,False,False,14089
126,王志誠 - 商事法實務導讀（最高法院 100 年度台簡上字第 44 號民事裁定等 4 則裁判之說明）.pdf,20,17,0,0,0,0,0,20,0,0,0,9,0,0,0,0,0,0,9,17,0,0,3,19,12,False,True,True,14505
121,蔡志方 - 論風險之因應法制：以維冠金龍大樓倒塌案為例.pdf,22,50,0,0,0,7,0,21,0,0,0,0,0,0,0,1,2,2,0,1,1,0,9,5,0,False,True,True,40772
120,黃俊杰 - 稅捐行政執行之損害賠償（中）.pdf,1,92,0,0,0,0,1,0,0,0,0,0,0,0,0,0,0,0,0,0,0,0,14,12,0,False,True,True,7861
115,朱敏賢 - 政府採購暨其防弊之刑事規制－以司法實務之判決分析為中心.pdf,12,3,1,0,3,16,3,5,0,0,0,1,0,0,0,0,0,1,54,0,0,0,0,0,0,False,True,True,34064
115,張南薰 and 黃立 - 政府採購法上認定不良廠商及追繳押標金之時效及其起算問題.pdf,15,0,6,0,0,13,9,5,0,0,0,0,0,0,0,0,0,0,37,0,0,0,0,24,0,False,False,False,15650
107,吳志正 - 醫療契約之當事人.pdf,8,1,0,0,0,0,0,5,0,0,0,0,0,0,0,0,0,0,0,8,5,0,0,78,2,False,True,True,26122
105,尤重道 - 使用牌照稅法違章之處罰（下）.pdf,1,84,0,0,0,0,1,0,0,0,0,0,0,0,0,0,0,0,0,0,0,0,17,2,0,False,True,True,7792
102,王志誠 - 特殊目的公司與投資人之保護機制.pdf,15,8,0,0,0,19,0,1,0,0,0,0,0,0,0,0,4,12,0,8,0,0,1,7,27,False,True,True,25502
101,陳忠五 - 論表見代理成立上本人之可歸責性－最高法院 110 年度台上字第 2767 號判決簡析.pdf,30,0,0,0,0,4,0,1,0,0,0,0,0,0,0,0,0,45,0,0,2,0,0,19,0,False,False,False,16395
101,王怡蘋 - 借名登記之相關法律效力－最高法院 108 年度台上大字第 1652 號裁定.pdf,25,0,0,23,0,0,0,0,0,8,3,0,0,0,0,0,0,6,0,0,0,0,0,13,0,False,False,False,3196
98,蔡震榮 and 余修智 - 由公共危害概念論行為與制裁之立法裁量及法實踐.pdf,4,61,0,0,0,1,1,3,0,0,0,0,0,0,0,0,0,0,4,15,0,0,9,0,0,False,True,True,30600
95,吳秀玲 - 醫師法之缺失評析.pdf,9,0,0,0,0,8,0,1,0,0,0,0,0,0,0,0,0,0,1,1,73,0,0,2,0,False,False,False,61508
89,劉建宏 - 稅捐爭訟實務上之「重審復查決定」－一○三年台財訴字第一○三一三九四○五一○號訴願決定評析.pdf,3,60,0,0,0,0,0,2,0,0,0,1,0,0,0,0,0,0,2,3,0,0,18,0,0,False,True,True,4671
89,吳秀明 - 從行政法院判決看適用公平交易法第 25 條之共通原則與問題.pdf,1,0,0,0,0,60,0,1,0,0,0,0,0,0,0,0,0,9,0,14,0,0,0,4,0,False,False,False,56057
87,林旺根 - 論日本租賃住宅管理業法之立法對我國之啟發－以日本租賃住宅市場發展現狀及法制規範為中心.pdf,54,1,0,1,0,0,1,1,1,0,0,0,0,0,0,0,0,0,0,17,2,0,0,4,3,False,True,True,26009
86,謝在全 - 項目融資與債權質權.pdf,35,1,0,0,0,14,2,0,0,0,0,0,0,0,2,5,0,4,0,0,0,0,0,22,1,False,True,True,16968
82,張鈺光 - 我國物業管理法制的現況與發展.pdf,12,1,0,0,0,8,0,1,0,0,0,0,0,0,0,0,0,37,1,2,4,0,0,15,1,False,True,True,20249
82,蘇南 and 湯文章 - 兩岸公共工程的轉分包實務與相關規範之比較.pdf,7,2,0,0,0,0,1,3,0,0,0,0,0,0,0,0,0,0,18,3,1,0,2,45,0,False,True,True,52954
81,蔡志方 - 論公法與私法請求權之競合－以太魯閣號與類似事故為例.pdf,1,8,0,0,0,3,0,1,0,0,0,0,0,0,0,0,0,1,0,3,0,0,0,64,0,False,True,True,56604
76,王麗真 - 房子都無償借給你了，我還要繳稅？.pdf,17,31,0,0,0,0,9,0,0,0,0,0,0,0,1,0,0,2,0,6,0,0,10,0,0,False,True,True,1555
74,林家祺 - 政府採購程序中『沒收及追繳押標金』之法律屬性及時效探討.pdf,3,0,2,0,0,0,2,1,0,0,0,0,0,0,0,0,0,0,61,1,0,0,0,2,0,False,False,False,19240
73,張麗卿 - 公平交易法第 24 條之法理分析與實務運用.pdf,12,1,0,0,0,0,1,3,0,0,0,0,0,0,0,0,0,0,1,39,0,0,1,15,0,False,True,True,45519
71,林鈺雄 - 刑事類實務導讀（最高法院 103 年度台上字第 516 號刑事判決等 20 則裁判之說明）.pdf,4,1,1,1,0,23,2,1,0,0,0,0,0,0,0,0,11,0,14,9,0,0,0,0,0,False,True,True,9840
71,余萬能 - 藥師調劑處方跨行政區交付藥品行為之適法性.pdf,1,1,0,0,0,0,0,1,0,0,0,0,0,0,0,0,0,0,0,3,65,0,0,0,0,False,True,True,12539
70,蔡志方 - 論公法與私法請求權之競合－以太魯閣號事故為例.pdf,1,8,0,0,0,0,0,1,0,0,0,0,0,0,0,0,0,1,0,3,0,0,0,56,0,False,True,True,39437
65,李建良 - 原住民保留地「借名登記契約」的效力－公法規定的私法效力，或私法自治的公法限制？.pdf,12,0,0,12,0,8,0,0,0,12,0,0,0,0,0,0,0,0,0,0,0,0,0,9,0,False,False,False,6440
65,陳汝吟 - 建築師法第十九條連帶責任之性質與實務爭議.pdf,1,0,0,0,0,0,0,1,0,0,0,0,0,0,0,0,0,0,20,2,15,0,0,26,0,False,False,False,29613
64,吳燁 - 智能投顧：類型化及規制邏輯.pdf,12,0,0,0,0,17,1,6,0,0,0,0,0,0,0,12,2,0,0,4,1,0,0,0,9,False,False,False,13961
64,吳天雲 - 兩岸利用地下通匯洗錢之現狀與預防.pdf,2,2,0,1,0,0,0,0,0,0,0,0,2,0,0,46,0,0,0,8,0,0,0,0,0,False,True,True,22928
62,陳忠五 - 民事類實務導讀（最高法院 103 年度台上字第 2120 號民事判決等 8 則裁判之說明）.pdf,3,0,0,0,0,0,0,2,0,0,0,0,0,0,0,0,0,0,0,1,0,0,0,56,0,False,False,False,19716
60,陳建元 - 不動產經紀業管理條例之回顧與前瞻：理想與現實的落差.pdf,7,0,0,0,0,0,0,7,0,0,0,0,0,0,0,0,0,0,0,43,0,0,0,3,0,False,False,False,12079
60,陳清秀 - 使用牌照稅法律體系之分析－上.pdf,2,27,0,0,0,0,1,0,0,0,0,0,0,0,0,0,0,0,0,20,0,0,9,1,0,False,True,True,8298
55,呂秉翰 - 各國保全人員值勤規範之比較分析.pdf,7,2,0,0,0,0,0,1,0,0,0,0,0,0,0,0,0,0,0,44,0,0,0,1,0,False,True,True,29981
54,陳聰富 - 醫療法：第二講 醫師的行政管制（上）.pdf,4,1,0,0,0,0,0,1,0,0,0,0,0,0,0,0,0,0,0,0,48,0,0,0,0,False,True,True,15574
54,蔣文正 - 專利與借名登記.pdf,16,0,0,14,0,0,0,0,0,6,0,0,0,0,0,0,0,0,0,0,0,0,0,4,0,False,False,False,2573
54,唐克光 - 從公平競爭觀點探討機關對廠商過去履行經驗及實績之評分.pdf,1,1,0,0,0,0,0,1,0,0,0,0,0,0,0,0,0,0,48,1,0,0,0,1,1,False,True,True,29409
53,周佳宥 - 不良廠商之認定及其救濟程序.pdf,9,2,0,0,0,0,6,3,0,0,0,0,0,0,0,0,0,0,30,3,0,0,0,0,0,False,True,True,20288
53,劉孔中 and 薛景文 - 仿冒表徵及欺罔或顯失公平行為之執法檢討與展望.pdf,9,0,0,0,0,0,1,3,0,0,0,0,0,0,0,0,0,0,4,34,0,0,0,1,1,False,False,False,41052
49,盧秀虹 - 臺灣傳奇「青果大王」欠稅案.pdf,1,20,0,1,0,0,0,0,0,1,0,0,0,0,0,0,0,4,0,0,0,0,0,1,0,False,True,True,3084
48,洪家殷 - 從行政罰之本質探討通知違約廠商刊登政府採購公報之性質.pdf,5,0,0,0,0,0,4,1,0,0,0,0,0,0,0,0,0,0,37,0,1,0,0,0,0,False,False,False,26833
47,邱羽凡 and 張文祈 - 數位控制模式下之平台外送員從屬性認定－以歐盟及其會員國近期發展為參考.pdf,4,0,0,0,0,6,0,1,0,0,0,0,0,0,0,7,0,0,0,10,0,0,0,19,0,False,False,False,80638
46,莊郁沁 - 藥師執業處所限制之放寬.pdf,1,21,0,0,0,0,0,1,0,0,0,0,0,0,0,2,0,0,0,1,12,0,1,0,7,False,True,True,2221
44,黃榮堅 - 從個別化公務員概念看政府採購中的公務員身分－評最高法院九十七年度台上字第四八一三號等判決.pdf,11,0,2,0,0,0,3,5,0,0,0,0,0,0,0,0,0,0,21,0,0,0,0,0,0,False,False,False,16366
44,陳忠五 - 民事類實務導讀（最高法院 100 年度台上字第 2155 號民事判決等 12 則裁判之說明）.pdf,1,2,0,0,0,0,0,1,0,0,0,0,0,0,0,0,0,0,2,0,0,0,0,37,1,False,True,True,13295
43,邱羽凡 - 何謂勞務承攬？從承攬契約之要素檢討勞務契約類型區別標準.pdf,2,0,0,0,0,0,0,1,0,0,0,0,0,0,0,0,0,1,0,2,0,0,0,37,0,False,False,False,49074
42,張靖慈 and 王俊傑 and 陳誌泓 and 范瑞華 and 喻台生 and 高文婷 and 廖文山 and 陳一銘 and 張嘉真 - 萬國法律基金會於 2023 年 12 月 18 日舉辦「建築業的未來趨勢與風險管理」研討會紀實.pdf,10,1,0,0,0,0,1,6,0,0,0,0,0,0,0,0,0,2,0,0,2,0,0,20,0,False,True,True,38495
41,楊廼軒 - 論美國刑事定罪後附帶效果法制對我國之啟示.pdf,4,0,0,0,0,2,0,2,0,0,0,0,0,0,0,0,0,2,3,0,12,0,0,16,0,False,False,False,75386
40,陳忠五 - 民事類實務導讀（最高法院 100 年度台上字第 1808 號民事判決等 3 則裁判之說明）.pdf,1,4,0,0,0,0,0,1,0,0,0,0,0,0,0,0,0,0,0,2,0,0,0,32,0,False,True,True,10450
40,張獻聰 - 漏稅罰？行為罰？－評析高高行 91 年訴 743 號及最高行 94 年判 01494 號判決－上.pdf,1,22,0,0,0,6,1,0,0,0,0,0,0,0,0,0,0,0,0,8,0,0,2,0,0,False,True,True,6780
40,林冠亨 - 在公平與公益之間抉擇？論政府採購法第 50 條第 2 項「反不符公共利益」之判斷要素.pdf,4,0,0,0,0,9,0,4,0,0,0,0,0,0,0,0,0,0,22,0,0,0,0,1,0,False,False,False,9886
39,謝如媛 - 教授之家－過失概念的檢討.pdf,17,0,0,0,0,0,2,11,0,0,0,7,0,0,0,0,0,0,0,1,0,0,0,1,0,False,False,False,9925
38,陳忠五 - 民事類實務導讀（最高法院 104 年度台上字第 1447 號民事判決等 8 則裁判之說明）.pdf,1,1,0,0,0,0,0,1,0,0,0,0,0,0,0,0,0,0,8,0,0,0,0,27,0,False,True,True,12349
38,蕭宏宜 - 政府採購犯罪的實務脈動－聚焦瀆職行為.pdf,10,1,1,1,0,0,2,6,0,0,0,0,0,0,0,0,0,0,13,0,0,0,0,0,0,False,True,True,24964
38,劉連煜 - 解任集團企業內分子公司董事訴訟的錯綜複雜法律問題－從臺灣臺北地方法院 107 年度金字第 20 號民事判決談起.pdf,7,0,0,1,0,0,2,3,0,0,0,0,0,0,0,0,3,0,0,12,0,0,0,9,0,False,False,False,35210
37,林家祺 - 依嗣後增訂之政府採購法第 87 條第 5 項追繳押標金之合法性－評最高行政法院 105 年 3 月決議及行政院工程會工程企字第 89000318 號函釋.pdf,9,0,1,0,0,0,2,7,0,0,0,0,0,0,0,0,0,0,17,0,0,0,0,0,0,False,False,False,12442
37,張獻聰 - 漏稅罰？行為罰？－評析高高行 91 年訴 743 號及最高行 94 年判 01494 號判決－下.pdf,4,17,0,0,0,6,4,0,0,0,0,0,0,0,0,0,0,0,0,6,0,0,0,0,0,False,True,True,5766
33,袁義昕 - 智慧財產權流通運用之租稅抵減－以產創條例第 12 條之 1 第 1 項為中心.pdf,1,15,0,0,0,8,1,0,0,0,0,0,0,0,0,0,5,0,0,3,0,0,0,0,0,False,True,True,7933
32,陳明燦 - 我國不動產估價師執業及懲戒相關法律問題分析.pdf,7,1,0,0,0,0,0,4,0,0,0,0,0,0,0,0,0,0,0,2,17,0,0,1,0,False,True,True,15156
30,蔡志方 - 台南維冠金龍大樓倒塌事件之因果關係論.pdf,11,0,0,0,0,0,0,11,0,0,0,0,0,0,0,0,0,0,0,0,1,0,0,7,0,False,False,False,33399
30,李進榮 - 公務員收取回扣與收受賄賂之區別.pdf,11,0,0,0,0,3,1,6,0,0,0,0,0,0,0,0,0,0,1,1,0,0,0,3,4,False,False,False,23574
28,劉邦繡 - 刑事類實務導讀（最高法院 109 年度台上字第 4667 號刑事判決等 15 則裁判之說明）.pdf,1,0,0,0,0,0,0,1,0,0,0,0,0,0,0,0,2,0,21,3,0,0,0,0,0,False,False,False,16001
28,陳立夫 - 土地法實務導讀（最高行政法院 105 年度判字第 479 號判決等 2 則裁判之說明）.pdf,8,0,0,0,0,0,0,5,0,0,0,0,0,0,0,0,0,0,0,2,13,0,0,0,0,False,False,False,11864
27,林旺根 - 地政士！Who are you？兼談地政士法執行疑義之我見（二）.pdf,4,0,0,0,0,0,0,3,0,0,0,0,0,0,0,0,0,0,0,0,20,0,0,0,0,False,False,False,2987
27,黃士軒 - 關於公務員不正行使影響力行為之我國刑事規制現況的檢驗－今後立法論的準備作業.pdf,1,2,0,0,0,17,0,1,0,0,0,0,0,0,0,0,0,0,2,2,0,0,0,2,0,False,True,True,38867
26,林鈺雄 and 王士帆 - 實務法學：刑法類（最高法院 106 年度台非字第 252 號刑事判決等 20 則裁判之說明）.pdf,11,8,0,0,0,0,0,1,0,0,0,0,0,0,0,5,1,0,0,0,0,0,0,0,0,False,True,True,21067
25,李洙德 - 後肺炎時期新經濟關係對台灣稅務的新思維.pdf,7,12,0,0,0,0,1,0,0,0,0,0,0,0,0,0,0,0,0,0,0,0,4,1,0,False,True,True,1406
23,蔡志方 - 論時空法則下之因果關係.pdf,5,0,0,0,0,7,0,5,0,0,0,0,0,0,0,0,0,0,0,2,1,0,0,3,0,False,False,False,42536
23,李禮仲 - 會計師紀律懲戒問題之探討.pdf,2,6,0,0,0,0,0,1,0,0,0,0,0,0,0,0,1,0,0,0,13,0,0,0,0,False,True,True,6467
17,王成裕 - 開狀銀行兌付的期限與信用狀申請人救濟的權利.pdf,1,0,0,0,0,0,0,1,0,0,0,0,0,0,0,0,0,0,0,10,0,0,0,5,0,False,False,False,9934
16,蔡志揚 - 社論／律師界應關懷「瑕疵住宅」的預防與救濟！.pdf,1,1,0,0,0,0,0,1,0,0,0,1,0,0,0,0,0,0,0,0,1,0,0,11,0,False,True,True,6647
15,王韻茹 - 從環保案件談行政罰法第 27 條的時效制度.pdf,1,2,0,0,0,0,0,1,0,0,0,0,0,0,0,0,0,0,5,1,0,0,1,4,0,False,True,True,13548
14,簡秀如 and 楊子弘 - 專利侵權訴訟的裁判費.pdf,1,0,0,0,0,0,0,1,0,0,0,0,0,0,0,0,0,0,0,1,11,0,0,0,0,False,False,False,2414
13,韓毓傑 - 聯合行為之研究－以行政院公平交易委員會之實踐為中心.pdf,2,0,0,0,0,3,0,2,0,0,0,0,0,0,0,0,0,0,1,3,0,0,0,2,0,False,False,False,24666
13,侯英泠 - 醫院人力外包業務案：從臺灣桃園地院 111 年度醫字第 8 號民事判決看醫療機構人力外包之組織義務.pdf,1,0,0,0,0,0,0,1,0,0,0,0,0,0,0,0,0,0,0,1,0,0,0,10,0,False,False,False,18277
12,鄭文中 - 從擴張解釋看職務收賄罪之實見.pdf,2,1,0,0,0,5,0,1,0,0,0,0,0,0,0,0,0,2,1,0,0,0,0,0,0,False,True,True,27091
10,巫淑貞 - 我國政府採購法構造特色以及政風監督結構上優勢與限制（二）.pdf,1,2,0,0,0,1,0,1,0,0,0,0,0,0,0,1,0,0,4,0,0,0,0,0,0,False,True,True,5092
6,沈龍安 - 從《幼兒教育及照顧法》論述幼托整合政策之實施現況.pdf,3,0,0,0,0,0,1,2,0,0,0,0,0,0,0,0,0,0,0,0,0,0,0,0,0,False,False,False,16559
5,林鈺雄 - 刑事類實務導讀（最高法院 103 年度台上字第 4231 號刑事判決等 14 則裁判之說明）.pdf,2,1,0,0,0,0,0,1,0,0,0,0,0,0,0,0,0,0,0,0,0,0,0,1,0,False,True,True,8706
4,蔡志揚 - 建築結構安全三級品管最後一道防線〜（二）－日本建造執照結構審查與施工勘驗制度介析.pdf,1,0,0,0,0,0,0,1,0,0,0,0,0,0,0,0,0,0,0,0,1,0,0,1,0,False,False,False,24973
4,蔡志揚 - 建築結構安全三級品管最後一道防線〜（一）－日本建造執照結構審查與施工勘驗制度介析.pdf,2,0,0,0,0,0,0,1,0,0,0,0,0,0,0,0,0,0,0,0,1,0,0,0,0,False,False,False,22601
3,郭仁建 - 中國大陸兩會後智慧財產權的發展簡介.pdf,1,0,0,0,0,1,0,1,0,0,0,0,0,0,0,0,0,0,0,0,0,0,0,0,0,False,False,False,1770
2,劉乙儀 - 臺灣幼兒園園長分布式領導之困境與展望.pdf,1,0,0,0,0,0,0,1,0,0,0,0,0,0,0,0,0,0,0,0,0,0,0,0,0,False,False,False,19729
2,劉邦繡 - 論追加起訴與被告受迅速審判權－最高法院 104 年度台上字第 2269 號判決析義.pdf,0,0,0,0,0,2,0,0,0,0,0,0,0,0,0,0,0,0,0,0,0,0,0,0,0,False,False,False,7204
0,藍元駿 - 西方稅捐法制之繼受及其限制－中西稅制比較的一個起點.pdf,0,0,0,0,0,0,0,0,0,0,0,0,0,0,0,0,0,0,0,0,0,0,0,0,0,False,False,False,64385
0,張進德 - 所得稅法之缺失與修法方向.pdf,0,0,0,0,0,0,0,0,0,0,0,0,0,0,0,0,0,0,0,0,0,0,0,0,0,False,False,False,118075
0,藍元駿 - 現代國家課稅之法理基礎－中世紀稅制之法文化觀.pdf,0,0,0,0,0,0,0,0,0,0,0,0,0,0,0,0,0,0,0,0,0,0,0,0,0,False,False,False,138045
0,莊詠淇 - 庫藏股制度.pdf,0,0,0,0,0,0,0,0,0,0,0,0,0,0,0,0,0,0,0,0,0,0,0,0,0,False,False,False,9454
0,詹森林 - 《臺大法學論叢》與臺灣民法說、實務及立法之發展.pdf,0,0,0,0,0,0,0,0,0,0,0,0,0,0,0,0,0,0,0,0,0,0,0,0,0,False,False,False,227298
0,簡秀如 and 吳詩儀 - 真正創作人得就專利申請權與他人成立借名登記契約.pdf,0,0,0,0,0,0,0,0,0,0,0,0,0,0,0,0,0,0,0,0,0,0,0,0,0,False,False,False,5316
0,簡秀如 and 吳詩儀 - 專利證書所示之專利權人是否真為實質權利人？—專利權人之借名登記.pdf,0,0,0,0,0,0,0,0,0,0,0,0,0,0,0,0,0,0,0,0,0,0,0,0,0,False,False,False,5629
0,吳怡芳 and 宋天祥 - 修正公開發行股票公司內部人轉讓持股申報制度.pdf,0,0,0,0,0,0,0,0,0,0,0,0,0,0,0,0,0,0,0,0,0,0,0,0,0,False,False,False,8961
0,林誠二 - 由借名登記契約論不動產物權變動登記之效力.pdf,0,0,0,0,0,0,0,0,0,0,0,0,0,0,0,0,0,0,0,0,0,0,0,0,0,False,False,False,149819
0,林明鏘 - 工程與法律教學研究之科際整合：以臺大小巨蛋判決為例.pdf,0,0,0,0,0,0,0,0,0,0,0,0,0,0,0,0,0,0,0,0,0,0,0,0,0,False,False,False,815470
