filename,text_len,count_借,count_稅,count_借用,count_借名,count_股票,count_投標,count_借用名義,count_營業,count_借牌,count_借名登記,count_執業,count_靠行,count_帳戶,count_利用,excluded,hit_all,hit_any,threshold_ok,regex_ok,final_pass
吳從周 - 我國不動產借名登記契約之發展現狀－特別著重觀察內部效力與外部效力演變之互動.pdf,21536,281,10,6,274,0,0,0,0,0,167,0,0,0,2,False,True,True,True,True,True
李建良 - 原住民保留地「借名登記契約」的效力－公法規定的私法效力，或私法自治的公法限制？.pdf,6440,12,0,0,12,0,0,0,0,0,12,0,0,0,8,False,False,True,False,True,False
李維中 - 農地借名登記問題探討－以刪除前土地法第 30 條適用範圍及當事人間契約有效性為核心.pdf,27748,260,2,14,234,0,0,0,0,0,122,0,0,0,4,False,True,True,True,True,True
林大洋 - 借名登記對外效力之探討－法學方法與債法現代化之思考.pdf,15623,148,8,5,141,1,0,1,0,0,86,0,0,0,0,False,True,True,True,True,True
林慶郎 - 自耕能力與借名登記－最高法院 107 年度台上字第 1023 號判決評析.pdf,11988,85,0,3,81,0,0,0,0,0,72,0,0,0,0,False,False,True,False,True,False
林誠二 - 借名登記財產之請求返還方式.pdf,3015,49,1,0,49,0,0,0,0,0,28,0,0,0,0,False,True,True,True,True,True
林誠二 - 由借名登記契約論不動產物權變動登記之效力.pdf,149819,0,0,0,0,0,0,0,0,0,0,0,0,0,0,False,False,False,False,True,False
涂軼 - 淺談商標借名登記.pdf,4727,51,0,7,43,0,0,0,4,0,36,0,0,0,1,True,False,True,False,True,False
王怡蘋 - 借名登記之相關法律效力－最高法院 108 年度台上大字第 1652 號裁定.pdf,3196,25,0,0,23,0,0,0,0,0,8,0,0,0,0,False,False,True,False,True,False
簡秀如 and 吳詩儀 - 專利證書所示之專利權人是否真為實質權利人？—專利權人之借名登記.pdf,5629,0,0,0,0,0,0,0,0,0,0,0,0,0,0,False,False,False,False,True,False
簡秀如 and 吳詩儀 - 真正創作人得就專利申請權與他人成立借名登記契約.pdf,5316,0,0,0,0,0,0,0,0,0,0,0,0,0,0,False,False,False,False,True,False
蔡旻耿 - 原住民保留地借名登記之法律關係－兼評最高法院 108 年台上大字第 1636 號民事裁定.pdf,23416,233,0,3,228,0,0,0,0,0,186,0,0,0,11,False,False,True,False,True,False
蔡旻耿 and 陳靜瑩 - 不動產借名登記契約之負擔行為與處分行為.pdf,37684,245,2,10,234,0,0,0,0,0,128,0,0,1,0,False,True,True,True,True,True
蔡晶瑩 - 論借名登記契約／最高院 100 台上 2101 判決.pdf,3272,62,0,0,62,0,0,0,0,0,35,0,0,0,4,False,False,True,False,True,False
蔡瑞麟 - 原借名登記因死亡消滅，繼承人未辦繼承登記前借名登記契約無效？－簡評最高法院 106 台上 1222 號判決.pdf,4431,91,0,0,90,0,0,0,0,0,61,0,0,0,0,False,False,True,False,True,False
蔣文正 - 專利與借名登記.pdf,2573,16,0,0,14,0,0,0,0,0,6,0,0,0,0,False,False,True,False,True,False
蔣瑞安 - 論借名登記.pdf,3637,64,2,4,60,0,0,0,1,0,34,0,0,0,1,False,True,True,True,True,True
謝哲勝 - 借名登記之名消極信託之實－評最高法院九十八年度台上字第七六號判決.pdf,4413,43,0,0,43,0,0,0,0,0,28,0,0,0,5,False,False,True,False,True,False
謝哲勝 - 消極信託和借名登記形同脫法行為－實務相關判決評釋.pdf,14854,127,34,12,109,0,0,1,0,0,104,0,0,0,0,False,True,True,True,True,True
邱玟惠 - 借名登記契約是否屬「因委任事務之性質不能消滅者」之實務爭議－最高法院 106 年度台上字第 410 號民事判決評析.pdf,5912,104,0,0,104,0,0,0,0,0,68,0,0,0,0,False,False,True,False,True,False
邱玟惠 - 借名登記契約當事人死亡之實務爭議－最高法院 104 年度台上字第 1787 號民事判決評析.pdf,12458,222,2,2,219,1,0,0,0,0,111,0,0,0,0,False,True,True,True,True,True
郭松濤 - 談借名登記契約－兼評最高法院 98 年度台上字第 990 號判決.pdf,6665,92,3,5,87,7,2,0,0,0,75,0,0,0,9,False,True,True,True,True,True
陳明燦 - 我國不動產借名登記後處分之效力問題分析－以最高法院 106 年第 3 次民事庭會議決議為中心.pdf,13233,79,1,0,79,0,0,0,0,0,44,0,0,0,0,False,True,True,True,True,True
陳榮傳 - 借名登記股份的回復與公同共有－最高法院 110 年度台上字第 724 號民事判決.pdf,6711,31,0,0,31,0,0,0,0,0,23,0,0,0,0,False,False,True,False,True,False
陳榮傳 - 原住民保留地的借名登記－大法庭裁定的商榷.pdf,7316,31,0,0,30,0,0,0,0,0,28,0,0,0,0,False,False,True,False,True,False
陳聰富 - 脫法行為、消極信託及借名登記契約－最高法院九十四年度台上字第三六二號民事判決評釋.pdf,14353,101,12,17,80,0,0,0,0,0,77,0,0,0,0,False,True,True,True,True,True
顏佑紘 - 民事法裁判精選－借名登記之內部關係與外部關係（111 台上 2686 判決）.pdf,35280,124,0,0,124,0,0,0,0,0,64,0,0,0,0,False,False,True,False,True,False
黃健彰 - 不動產借名登記契約有效性的檢討.pdf,60998,446,98,12,419,1,0,2,2,1,338,0,0,1,9,False,True,True,True,True,True
黃健彰 - 不動產借名登記相關民事法律關係－以評析近年最高法院裁判為主.pdf,46595,559,9,3,550,0,0,0,0,0,343,0,0,0,0,False,True,True,True,True,True
吳天雲 - 兩岸利用地下通匯洗錢之現狀與預防.pdf,22928,2,2,0,1,0,0,0,8,0,0,0,0,46,0,False,True,True,True,True,True
余萬能 - 藥師調劑處方跨行政區交付藥品行為之適法性.pdf,12539,1,1,0,0,0,0,0,3,1,0,65,0,0,0,False,True,True,True,True,True
侯英泠 - 醫院人力外包業務案：從臺灣桃園地院 111 年度醫字第 8 號民事判決看醫療機構人力外包之組織義務.pdf,18277,1,0,0,0,0,0,0,1,1,0,0,0,0,0,False,False,True,False,True,False
劉乙儀 - 臺灣幼兒園園長分布式領導之困境與展望.pdf,19729,1,0,0,0,0,0,0,0,1,0,0,0,0,0,False,False,True,False,True,False
劉孔中 and 薛景文 - 仿冒表徵及欺罔或顯失公平行為之執法檢討與展望.pdf,41052,9,0,1,0,0,4,0,34,3,0,0,0,0,0,False,False,True,False,True,False
劉建宏 - 稅捐爭訟實務上之「重審復查決定」－一○三年台財訴字第一○三一三九四○五一○號訴願決定評析.pdf,4671,3,60,0,0,0,2,0,3,2,0,0,0,0,0,False,True,True,True,True,True
劉連煜 - 解任集團企業內分子公司董事訴訟的錯綜複雜法律問題－從臺灣臺北地方法院 107 年度金字第 20 號民事判決談起.pdf,35210,7,0,2,1,3,0,0,12,3,0,0,0,0,0,False,False,True,False,True,False
劉邦繡 - 刑事類實務導讀（最高法院 109 年度台上字第 4667 號刑事判決等 15 則裁判之說明）.pdf,16001,1,0,0,0,2,21,0,3,1,0,0,0,0,0,False,False,True,False,True,False
劉邦繡 - 論追加起訴與被告受迅速審判權－最高法院 104 年度台上字第 2269 號判決析義.pdf,7204,0,0,0,0,0,0,0,0,0,0,0,0,0,2,False,False,True,False,True,False
吳志正 - 醫療契約之當事人.pdf,26122,8,1,0,0,0,0,0,8,5,0,5,0,0,0,False,True,True,True,True,True
吳燁 - 智能投顧：類型化及規制邏輯.pdf,13961,12,0,1,0,2,0,0,4,6,0,1,0,12,17,False,False,True,False,True,False
吳秀明 - 從行政法院判決看適用公平交易法第 25 條之共通原則與問題.pdf,56057,1,0,0,0,0,0,0,14,1,0,0,0,0,60,False,False,True,False,True,False
吳秀玲 - 醫師法之缺失評析.pdf,61508,9,0,0,0,0,1,0,1,1,0,73,0,0,8,False,False,True,False,True,False
呂秉翰 - 各國保全人員值勤規範之比較分析.pdf,29981,7,2,0,0,0,0,0,44,1,0,0,0,0,0,False,True,True,True,True,True
周佳宥 - 不良廠商之認定及其救濟程序.pdf,20288,9,2,6,0,0,30,0,3,3,0,0,0,0,0,False,True,True,True,True,True
唐克光 - 從公平競爭觀點探討機關對廠商過去履行經驗及實績之評分.pdf,29409,1,1,0,0,0,48,0,1,1,0,0,0,0,0,True,True,True,True,True,False
巫淑貞 - 我國政府採購法構造特色以及政風監督結構上優勢與限制（二）.pdf,5092,1,2,0,0,0,4,0,0,1,0,0,0,1,1,False,True,True,True,True,True
張南薰 and 黃立 - 政府採購法上認定不良廠商及追繳押標金之時效及其起算問題.pdf,15650,15,0,9,0,0,37,0,0,5,0,0,0,0,13,False,False,True,False,True,False
張鈺光 - 我國物業管理法制的現況與發展.pdf,20249,12,1,0,0,0,1,0,2,1,0,4,0,0,8,False,True,True,True,True,True
張靖慈 and 王俊傑 and 陳誌泓 and 范瑞華 and 喻台生 and 高文婷 and 廖文山 and 陳一銘 and 張嘉真 - 萬國法律基金會於 2023 年 12 月 18 日舉辦「建築業的未來趨勢與風險管理」研討會紀實.pdf,38495,10,1,1,0,0,0,0,0,6,0,2,0,0,0,False,True,True,True,True,True
張麗卿 - 公平交易法第 24 條之法理分析與實務運用.pdf,45519,12,1,1,0,0,1,0,39,3,0,0,0,0,0,False,True,True,True,True,True
徐婉寧 - 論違法解僱下僱用人之受領遲延責任與危險負擔法理之交錯：以解析我國實務見解及與日本法之比較為中心.pdf,40451,5,0,1,0,0,0,0,0,1,0,0,0,1,0,False,False,True,False,True,False
戴銘昇 - 證券交易法講義 第 2 冊（2025 年 10 月版）.pdf,931253,348,301,4,0,1858,1,0,773,1,0,2,1,152,155,True,True,True,True,True,False
朱敏賢 - 政府採購暨其防弊之刑事規制－以司法實務之判決分析為中心.pdf,34064,12,3,3,0,0,54,0,0,5,0,0,0,0,16,False,True,True,True,True,True
李禮仲 - 會計師紀律懲戒問題之探討.pdf,6467,2,6,0,0,1,0,0,0,1,0,13,0,0,0,False,True,True,True,True,True
李進榮 - 公務員收取回扣與收受賄賂之區別.pdf,23574,11,0,1,0,0,1,0,1,6,0,0,0,0,3,False,False,True,False,True,False
林冠亨 - 在公平與公益之間抉擇？論政府採購法第 50 條第 2 項「反不符公共利益」之判斷要素.pdf,9886,4,0,0,0,0,22,0,0,4,0,0,0,0,9,False,False,True,False,True,False
林家祺 - 依嗣後增訂之政府採購法第 87 條第 5 項追繳押標金之合法性－評最高行政法院 105 年 3 月決議及行政院工程會工程企字第 89000318 號函釋.pdf,12442,9,0,2,0,0,17,0,0,7,0,0,0,0,0,False,False,True,False,True,False
林家祺 - 政府採購法停權事由競合與行政罰法之適用.pdf,42480,78,17,43,0,0,58,1,5,31,0,0,0,0,0,False,True,True,True,True,True
林家祺 - 政府採購程序中『沒收及追繳押標金』之法律屬性及時效探討.pdf,19240,3,0,2,0,0,61,0,1,1,0,0,0,0,0,False,False,True,False,True,False
林旺根 - 地政士！Who are you？兼談地政士法執行疑義之我見（二）.pdf,2987,4,0,0,0,0,0,0,0,3,0,20,0,0,0,False,False,True,False,True,False
林旺根 - 論日本租賃住宅管理業法之立法對我國之啟發－以日本租賃住宅市場發展現狀及法制規範為中心.pdf,26009,54,1,1,1,0,0,1,17,1,0,2,0,0,0,False,True,True,True,True,True
林翰緯 - 簡介近期實務就政府採購法「借牌圍標」行為之判斷.pdf,9475,116,0,66,10,0,150,3,0,25,0,0,0,0,1,False,False,True,False,True,False
林鈺雄 - 刑事類實務導讀（最高法院 103 年度台上字第 4231 號刑事判決等 14 則裁判之說明）.pdf,8706,2,1,0,0,0,0,0,0,1,0,0,0,0,0,False,True,True,True,True,True
林鈺雄 - 刑事類實務導讀（最高法院 103 年度台上字第 516 號刑事判決等 20 則裁判之說明）.pdf,9840,4,1,2,1,11,14,0,9,1,0,0,0,0,23,False,True,True,True,True,True
林鈺雄 and 王士帆 - 實務法學：刑法類（最高法院 106 年度台非字第 252 號刑事判決等 20 則裁判之說明）.pdf,21067,11,8,0,0,1,0,0,0,1,0,0,0,5,0,False,True,True,True,True,True
柯格鐘 - 營業稅法上取得非實際交易對象發票之課稅問題－評析行政法院 87 年 7 月份第一次庭長評事聯席會議決議.pdf,18031,25,495,0,0,0,0,0,435,22,0,0,0,0,0,False,True,True,True,True,True
柯格鐘 - 稅捐規避及其相關聯概念之辨正.pdf,36507,22,808,3,11,1,3,0,26,4,9,1,0,1,36,False,True,True,True,True,True
柯格鐘 - 行為罰、漏稅罰與逃漏稅捐罪－評司法院大法官釋字第五○三號解釋.pdf,12431,1,358,0,0,0,0,0,97,1,0,0,0,0,10,False,True,True,True,True,True
楊廼軒 - 論美國刑事定罪後附帶效果法制對我國之啟示.pdf,75386,4,0,0,0,0,3,0,0,2,0,12,0,0,2,False,False,True,False,True,False
沈龍安 - 從《幼兒教育及照顧法》論述幼托整合政策之實施現況.pdf,16559,3,0,1,0,0,0,0,0,2,0,0,0,0,0,False,False,True,False,True,False
洪偉修 - 論詐術圍標罪之可罰性界限.pdf,15966,5,1,2,0,0,137,0,0,3,0,0,0,0,14,False,True,True,True,True,True
洪家殷 - 從行政罰之本質探討通知違約廠商刊登政府採購公報之性質.pdf,26833,5,0,4,0,0,37,0,0,1,0,1,0,0,0,False,False,True,False,True,False
洪家殷 - 論行政罰之禁止錯誤－以行政罰法第 8 條之評析為中心.pdf,49193,2,87,1,0,0,0,0,13,1,0,3,0,1,43,False,True,True,True,True,True
洪家殷 - 論行政罰之禁止錯誤－以行政罰法第 8 條之評析為中心條.pdf,51735,2,89,1,0,0,0,0,13,1,0,3,0,1,1,False,True,True,True,True,True
王勁力 - 論租稅犯罪之刑罰制裁.pdf,28498,1,739,0,0,0,0,0,6,1,0,0,0,1,0,False,True,True,True,True,True
王勁力 - 論稅捐稽徵法第 41 條逃漏稅捐罪之追訴與裁罰（下）.pdf,3941,1,138,0,0,0,0,0,0,1,0,0,0,0,8,False,True,True,True,True,True
王志誠 - 出借牌照投標與越權代行簽發票據－評最高法院一○○年度台簡上字第四四號民事判決.pdf,6667,46,0,0,0,0,25,0,0,46,0,0,0,0,0,False,False,True,False,True,False
王志誠 - 商事法實務導讀（最高法院 100 年度台簡上字第 44 號民事裁定等 4 則裁判之說明）.pdf,14505,20,17,0,0,0,9,0,17,20,0,0,0,0,0,False,True,True,True,True,True
王志誠 - 特殊目的公司與投資人之保護機制.pdf,25502,15,8,0,0,4,0,0,8,1,0,0,0,0,19,False,True,True,True,True,True
王志誠 - 金融業遵法經營之嚴峻考驗－實質關係人之認定標準.pdf,26950,55,0,4,21,3,19,0,8,27,0,0,0,1,0,False,False,True,False,True,False
王成裕 - 開狀銀行兌付的期限與信用狀申請人救濟的權利.pdf,9934,1,0,0,0,0,0,0,10,1,0,0,0,0,0,False,False,True,False,True,False
王韻茹 - 從環保案件談行政罰法第 27 條的時效制度.pdf,13548,1,2,0,0,0,5,0,1,1,0,0,0,0,0,False,True,True,True,True,True
盧世寧 - 屏東國立海洋生物博物館進口白鯨案稅捐爭議問題研究.pdf,24842,22,534,14,0,0,0,0,19,5,0,0,0,0,26,False,True,True,True,True,True
盧世寧 - 論一人公司之稅法問題.pdf,21891,7,429,0,0,0,0,0,16,1,0,0,0,1,0,False,True,True,True,True,True
簡秀如 and 楊子弘 - 專利侵權訴訟的裁判費.pdf,2414,1,0,0,0,0,0,0,1,1,0,11,0,0,0,False,False,True,False,True,False
莊郁沁 - 藥師執業處所限制之放寬.pdf,2221,1,21,0,0,0,0,0,1,1,0,12,0,2,0,False,True,True,True,True,True
蔡志揚 - 建築結構安全三級品管最後一道防線〜（一）－日本建造執照結構審查與施工勘驗制度介析.pdf,22601,2,0,0,0,0,0,0,0,1,0,1,0,0,0,False,False,True,False,True,False
蔡志揚 - 建築結構安全三級品管最後一道防線〜（二）－日本建造執照結構審查與施工勘驗制度介析.pdf,24973,1,0,0,0,0,0,0,0,1,0,1,0,0,0,False,False,True,False,True,False
蔡志揚 - 社論／律師界應關懷「瑕疵住宅」的預防與救濟！.pdf,6647,1,1,0,0,0,0,0,0,1,0,1,0,0,0,False,True,True,True,True,True
蔡志方 - 台南維冠金龍大樓倒塌事件之因果關係論.pdf,33399,11,0,0,0,0,0,0,0,11,0,1,0,0,0,False,False,True,False,True,False
蔡志方 - 論公法與私法請求權之競合－以太魯閣號事故為例.pdf,39437,1,8,0,0,0,0,0,3,1,0,0,0,0,0,False,True,True,True,True,True
蔡志方 - 論公法與私法請求權之競合－以太魯閣號與類似事故為例.pdf,56604,1,8,0,0,0,0,0,3,1,0,0,0,0,3,False,True,True,True,True,True
蔡志方 - 論時空法則下之因果關係.pdf,42536,5,0,0,0,0,0,0,2,5,0,1,0,0,7,True,False,True,False,True,False
蔡志方 - 論風險之因應法制：以維冠金龍大樓倒塌案為例.pdf,40772,22,50,0,0,2,0,0,1,21,0,1,0,1,7,True,True,True,True,True,False
蔡旻耿 - 禁止不動產估價師設立分事務所的合憲性－兼評司法院大法官釋字第 809 號解釋（下）.pdf,13876,49,0,0,0,0,0,0,8,11,0,76,0,0,12,False,False,True,False,True,False
蔡震榮 and 余修智 - 由公共危害概念論行為與制裁之立法裁量及法實踐.pdf,30600,4,61,1,0,0,4,0,15,3,0,0,0,0,1,False,True,True,True,True,True
蕭宏宜 - 借牌陪標行為的刑事責任問題.pdf,19376,92,0,16,1,0,158,1,1,71,0,0,0,0,4,False,False,True,False,True,False
蕭宏宜 - 政府採購犯罪的實務脈動－聚焦瀆職行為.pdf,24964,10,1,2,1,0,13,0,0,6,0,0,0,0,0,False,True,True,True,True,True
蘇南 and 湯文章 - 兩岸公共工程的轉分包實務與相關規範之比較.pdf,52954,7,2,1,0,0,18,0,3,3,0,1,0,0,0,False,True,True,True,True,True
詹森林 - 《臺大法學論叢》與臺灣民法說、實務及立法之發展.pdf,227298,0,0,0,0,0,0,0,0,0,0,0,0,0,0,False,False,False,False,True,False
謝哲勝 - 現行商品責任規範的檢討.pdf,57231,1,2,0,0,0,0,0,5,1,0,0,0,0,0,False,True,True,True,True,True
謝在全 - 項目融資與債權質權.pdf,16968,35,1,2,0,0,0,0,0,0,0,0,0,5,14,False,True,True,True,True,True
謝如媛 - 教授之家－過失概念的檢討.pdf,9925,17,0,2,0,0,0,0,1,11,0,0,0,0,0,False,False,True,False,True,False
邱羽凡 - 何謂勞務承攬？從承攬契約之要素檢討勞務契約類型區別標準.pdf,49074,2,0,0,0,0,0,0,2,1,0,0,0,0,0,False,False,True,False,True,False
邱羽凡 and 張文祈 - 數位控制模式下之平台外送員從屬性認定－以歐盟及其會員國近期發展為參考.pdf,80638,4,0,0,0,0,0,0,10,1,0,0,0,7,6,True,False,True,False,True,False
郭仁建 - 中國大陸兩會後智慧財產權的發展簡介.pdf,1770,1,0,0,0,0,0,0,0,1,0,0,0,0,1,False,False,True,False,True,False
鄧湘全 - 政府採購之陪標刑責解析.pdf,9799,85,0,22,1,0,109,0,0,56,0,0,0,0,0,False,False,True,False,True,False
鄭文中 - 從擴張解釋看職務收賄罪之實見.pdf,27091,2,1,0,0,0,1,0,0,1,0,0,0,0,5,False,True,True,True,True,True
陳建元 - 不動產經紀業管理條例之回顧與前瞻：理想與現實的落差.pdf,12079,7,0,0,0,0,0,0,43,7,0,0,0,0,0,False,False,True,False,True,False
陳忠五 - 2011 年民事法發展回顧.pdf,52217,50,2,15,20,0,2,0,3,1,14,0,0,0,3,False,True,True,True,True,True
陳忠五 - 2015 年民事法發展回顧.pdf,63539,71,5,13,4,0,3,0,6,1,4,0,0,2,8,False,True,True,True,True,True
陳忠五 - 工程借牌承包的表見代理問題－最高法院 100 年度台上字第 1827 號判決評釋.pdf,14089,25,0,0,0,0,3,0,0,21,0,0,0,0,12,False,False,True,False,True,False
陳忠五 - 民事類實務導讀（最高法院 100 年度台上字第 1808 號民事判決等 3 則裁判之說明）.pdf,10450,1,4,0,0,0,0,0,2,1,0,0,0,0,0,False,True,True,True,True,True
陳忠五 - 民事類實務導讀（最高法院 100 年度台上字第 2155 號民事判決等 12 則裁判之說明）.pdf,13295,1,2,0,0,0,2,0,0,1,0,0,0,0,0,False,True,True,True,True,True
陳忠五 - 民事類實務導讀（最高法院 103 年度台上字第 2120 號民事判決等 8 則裁判之說明）.pdf,19716,3,0,0,0,0,0,0,1,2,0,0,0,0,0,False,False,True,False,True,False
陳忠五 - 民事類實務導讀（最高法院 104 年度台上字第 2006 號民事判決等 15 則裁判之說明）.pdf,18720,41,0,16,0,0,1,0,4,5,0,0,0,0,0,False,False,True,False,True,False
陳忠五 - 民事類實務導讀（最高法院 104 年度台上字第 1447 號民事判決等 8 則裁判之說明）.pdf,12349,1,1,0,0,0,8,0,0,1,0,0,0,0,0,False,True,True,True,True,True
陳忠五 - 論表見代理成立上本人之可歸責性－最高法院 110 年度台上字第 2767 號判決簡析.pdf,16395,30,0,0,0,0,0,0,0,1,0,2,0,0,4,False,False,True,False,True,False
陳旺聖 - 析論都市更新「權利變換」之財產權歸屬秩序－從「法秩序一致性」之法學方法出發.pdf,73427,74,22,0,0,0,0,0,4,2,0,0,0,0,71,False,True,True,True,True,True
陳明燦 - 我國不動產估價師執業及懲戒相關法律問題分析.pdf,15156,7,1,0,0,0,0,0,2,4,0,17,0,0,0,False,True,True,True,True,True
陳櫻琴 - 尋找一把公共利益的尺－採購爭議行政裁判之評析.pdf,25238,36,0,16,0,0,71,3,1,18,0,0,0,0,0,True,False,True,False,True,False
陳櫻琴 - 營業管制判決之研究.pdf,25999,7,9,0,0,0,0,0,272,2,0,0,4,0,6,False,True,True,True,True,True
陳汝吟 - 建築師法第十九條連帶責任之性質與實務爭議.pdf,29613,1,0,0,0,0,20,0,2,1,0,15,0,0,0,False,False,True,False,True,False
陳清秀 - 加值型營業稅之「所漏稅額」之計算－釋字第 660 號解釋評析.pdf,28400,3,1114,0,0,0,0,0,354,2,0,0,0,0,0,False,True,True,True,True,True
陳清秀 - 實質課稅原則裁判之研討.pdf,46528,15,1233,5,1,9,0,0,157,3,1,0,0,1,57,False,True,True,True,True,True
陳清秀 - 從私法自治權之保障，談稅法對於私法秩序之融合原則.pdf,13517,3,58,0,1,0,0,0,25,1,0,0,0,0,0,False,True,True,True,True,True
陳清秀 - 推計課稅之研討.pdf,24317,3,607,0,0,2,0,0,65,1,0,0,0,6,23,False,True,True,True,True,True
陳清秀 - 營業稅法上課稅主體及逃漏稅之認定問題探討－評析最高行政法院九十八年度判字第一○六一號判決.pdf,35853,7,776,0,0,0,0,0,326,5,0,0,0,1,0,False,True,True,True,True,True
陳清秀 - 營業稅法之罰則體系（上）.pdf,19192,2,614,0,0,0,0,0,212,2,0,0,0,0,0,False,True,True,True,True,True
陳清秀 - 營業稅法之罰則體系（下）.pdf,19134,11,547,3,0,0,1,0,245,6,0,0,0,0,0,False,True,True,True,True,True
陳清秀 - 稅務行政爭訟舉證責任相關問題探討.pdf,37881,14,708,2,2,4,0,0,82,2,1,0,0,0,0,False,True,True,True,True,True
陳清秀 - 稅法上借牌營業課稅問題之探討－從體系正義觀點出發.pdf,41811,280,886,33,62,1,7,7,411,171,29,0,0,3,52,False,True,True,True,True,True
陳清秀 - 稅法的融合理論.pdf,34561,18,687,14,0,0,0,0,29,4,0,0,0,0,0,False,True,True,True,True,True
陳立夫 - 土地法實務導讀（最高行政法院 105 年度判字第 479 號判決等 2 則裁判之說明）.pdf,11864,8,0,0,0,0,0,0,2,5,0,13,0,0,0,False,False,True,False,True,False
陳聰富 - 醫療法：第二講 醫師的行政管制（上）.pdf,15574,4,1,0,0,0,0,0,0,1,0,48,0,0,0,False,True,True,True,True,True
陳韋樵 - 會計是企業的語言專訪高雄市會計師公會理事長李春宗會計師.pdf,12682,1,94,0,0,1,0,0,4,1,0,23,0,1,0,False,True,True,True,True,True
韓毓傑 - 聯合行為之研究－以行政院公平交易委員會之實踐為中心.pdf,24666,2,0,0,0,0,1,0,3,2,0,0,0,0,3,False,False,True,False,True,False
黃俊杰 - 加值型營業稅非形式階段課稅－以合作店及供應商之經營模式為例.pdf,9934,2,336,0,0,0,1,0,163,1,0,0,0,0,9,False,True,True,True,True,True
黃俊杰 - 階段課稅之營業稅法問題.pdf,26943,5,770,0,0,0,1,0,379,4,0,0,0,0,0,False,True,True,True,True,True
黃健彰 - 不動產借名登記契約有效性的檢討.pdf,60998,446,98,12,419,1,0,2,2,1,338,0,0,1,9,False,True,True,True,True,True
黃士軒 - 關於公務員不正行使影響力行為之我國刑事規制現況的檢驗－今後立法論的準備作業.pdf,38867,1,2,0,0,0,2,0,2,1,0,0,0,0,17,False,True,True,True,True,True
黃榮堅 - 從個別化公務員概念看政府採購中的公務員身分－評最高法院九十七年度台上字第四八一三號等判決.pdf,16366,11,0,3,0,0,21,0,0,5,0,0,0,0,0,True,False,True,False,True,False
黃源浩 - 論進項稅額扣抵權之成立及行使.pdf,36665,3,953,0,0,0,0,0,306,3,0,0,0,0,24,False,True,True,True,True,True
蔡旻耿 - 禁止不動產估價師設立分事務所的合憲性－兼評司法院大法官釋字第 809 號解釋（下）.pdf,13876,49,0,0,0,0,0,0,8,11,0,76,0,0,12,False,False,True,False,True,False
陳清秀 - 加值型營業稅之「所漏稅額」之計算－釋字第 660 號解釋評析.pdf,28400,3,1114,0,0,0,0,0,354,2,0,0,0,0,0,False,True,True,True,True,True
陳清秀 - 稅法上借牌營業課稅問題之探討－從體系正義觀點出發.pdf,41811,280,886,33,62,1,7,7,411,171,29,0,0,3,52,False,True,True,True,True,True
柯格鐘 - 借用他人名義在特銷稅上的評價－最高行政法院 109 年度上字第 5886 號判決簡評.pdf,12926,80,527,59,14,2,4,10,7,0,0,0,0,0,0,False,True,True,True,True,True
陳忠五 - 民事類實務導讀（最高法院 106 年度台上字第 1859 號民事判決等 7 則裁判之說明）.pdf,13904,43,0,2,20,0,0,0,0,0,7,0,0,0,0,False,False,True,False,True,False
陳聰富 - 脫法行為、消極信託及借名登記契約－最高法院九十四年度台上字第三六二號民事判決評釋.pdf,14353,101,12,17,80,0,0,0,0,0,77,0,0,0,0,False,True,True,True,True,True
吳怡芳 and 宋天祥 - 修正公開發行股票公司內部人轉讓持股申報制度.pdf,8961,0,0,0,0,0,0,0,0,0,0,0,0,0,0,False,False,False,False,True,False
莊詠淇 - 庫藏股制度.pdf,9454,0,0,0,0,0,0,0,0,0,0,0,0,0,0,False,False,False,False,True,False
廖欽福 - 論菸稅與菸品健康福利捐之財政民主統制.pdf,79894,2,753,0,1,0,0,0,15,0,0,1,0,0,9,False,True,True,True,True,True
李建良 - 稅務行政訴訟若干舉證問題析論－以台北高等行政法院 97 年度訴字第 1792 號判決為例案.pdf,23369,4,426,0,1,0,0,0,6,0,0,0,0,3,0,False,True,True,True,True,True
柯格鐘 - 不動產稅制改革芻議－下.pdf,7543,4,30,2,1,1,0,1,5,0,0,0,0,0,8,False,True,True,True,True,True
柯格鐘 - 事實認定錯誤之溢繳稅款的返還－最高行政法院 107 年度判字第 340 號判決評釋.pdf,12066,10,352,3,7,0,0,2,2,0,3,0,0,0,0,False,True,True,True,True,True
柯格鐘 - 借用他人名義在特銷稅上的評價－最高行政法院 109 年度上字第 5886 號判決簡評.pdf,12926,80,527,59,14,2,4,10,7,0,0,0,0,0,0,False,True,True,True,True,True
柯格鐘 - 再論租稅刑罰與租稅行政罰之關係.pdf,9626,13,288,3,10,0,0,0,29,0,1,0,0,1,0,False,True,True,True,True,True
柯格鐘 - 稅捐稽徵協力義務、推計課稅與協力義務違反的制裁－以納稅者權利保護法第 14 條規定討論與條文修正建議為中心.pdf,78823,5,2241,1,1,0,0,0,90,0,0,4,0,0,1,False,True,True,True,True,True
柯格鐘 - 稅捐規避及其相關聯概念之辨正.pdf,36507,22,808,3,11,1,3,0,26,4,9,1,0,1,36,False,True,True,True,True,True
柯格鐘 - 股票孳息他益信託之課稅－從信託法理談起.pdf,15831,4,175,3,1,41,0,1,2,0,0,0,0,0,0,False,True,True,True,True,True
柯格鐘 - 論稅捐規避行為之立法與行為的類型化.pdf,66891,35,1642,26,4,2,0,3,26,0,0,0,0,2,0,False,True,True,True,True,True
江彥佐 - 營業稅法信託課稅問題之研討－以德國法為比較中心（上）.pdf,22957,8,429,2,3,1,0,2,286,0,0,0,0,0,0,True,True,True,True,True,False
江彥佐 - 營業稅法信託課稅問題之研討－以德國法為比較中心（下）.pdf,17030,5,276,0,5,1,0,0,185,0,0,0,0,1,0,False,True,True,True,True,True
王志誠 and 葛冠琳 - 從實質課稅原則論贈與不法所得之課稅問題.pdf,21718,8,610,6,1,0,0,0,0,0,0,0,0,7,0,False,True,True,True,True,True
盛子龍 - 租稅核課處分存續力之突破與退稅請求權.pdf,75096,1,2072,0,1,1,0,0,12,0,1,0,0,1,4,False,True,True,True,True,True
盧秀虹 - 臺灣傳奇「青果大王」欠稅案.pdf,3084,1,20,0,1,0,0,0,0,0,1,0,0,0,0,False,True,True,True,True,True
范文清 - 論欠稅限制出境之合憲性.pdf,72793,7,1082,0,3,5,0,0,3,0,2,0,0,1,0,False,True,True,True,True,True
謝如蘭 - 納保法實施後稅務專庭對於納稅者權利保障的實踐.pdf,55198,11,1664,0,3,10,0,0,39,0,2,1,0,4,12,False,True,True,True,True,True
趙逸凡 - 打房的第二支箭－評析支持囤房稅正反雙方論點.pdf,3951,1,74,0,1,0,0,0,0,0,0,0,0,0,0,False,True,True,True,True,True
陳清秀 - 實質課稅原則之適用界限.pdf,40039,18,809,7,4,27,0,0,65,0,3,0,0,5,0,False,True,True,True,True,True
陳清秀 - 實質課稅原則裁判之研討.pdf,45832,15,1244,5,1,9,0,0,158,3,1,0,0,1,0,False,True,True,True,True,True
陳清秀 - 從私法自治權之保障，談稅法對於私法秩序之融合原則.pdf,13517,3,58,0,1,0,0,0,25,1,0,0,0,0,0,False,True,True,True,True,True
陳清秀 - 所得稅法上之信託課稅－以綜合所得稅為中心.pdf,64512,19,1312,1,14,21,0,0,21,0,12,0,0,0,10,False,True,True,True,True,True
陳清秀 - 營業稅之稅捐主體與客體之探討.pdf,27666,2,467,0,1,0,0,0,397,0,1,0,0,0,0,False,True,True,True,True,True
陳清秀 - 租稅協定之解釋適用（下）.pdf,11431,2,309,0,2,17,0,0,4,0,1,0,0,0,0,False,True,True,True,True,True
陳清秀 - 稅務行政爭訟舉證責任相關問題探討.pdf,37881,14,708,2,2,4,0,0,82,2,1,0,0,0,0,False,True,True,True,True,True
陳清秀 - 稅法上之正當法律程序.pdf,42986,4,759,0,1,0,0,0,23,0,0,0,0,0,0,False,True,True,True,True,True
陳清秀 - 稅法上借牌營業課稅問題之探討－從體系正義觀點出發.pdf,41811,280,886,33,62,1,7,7,411,171,29,0,0,3,52,False,True,True,True,True,True
陳清秀 - 稅法實務導讀（最高行政法院 100 年度判字第 336 號判決等 5 則裁判之說明）.pdf,10352,8,91,0,7,0,0,0,28,0,7,0,0,0,11,False,True,True,True,True,True
陳清秀 - 行政法院歷年來優良稅法判決評析.pdf,23012,2,395,1,1,1,0,0,61,0,0,0,0,2,22,False,True,True,True,True,True
陳衍任 - 跨國稅捐事務的思考流程與審查步驟.pdf,30703,2,789,0,1,0,0,0,67,0,1,0,0,0,26,False,True,True,True,True,True
黃俊杰 - 稅捐假扣押制度之裁判分析（中）.pdf,5239,1,157,0,1,1,0,0,0,0,1,0,0,0,0,False,True,True,True,True,True
黃源浩 - 實質課稅與稅捐規避行為之舉證責任.pdf,38255,23,876,4,7,0,0,0,22,0,1,1,0,0,6,False,True,True,True,True,True
宋政佳 - 論稅捐歸屬之憲法內涵.pdf,54183,3,1582,1,0,0,0,0,53,0,0,0,0,0,0,True,True,True,True,True,False
宋政佳 - 論稅法與其他法領域之交錯與調整.pdf,16114,6,372,4,0,6,0,0,14,0,0,0,0,0,0,False,True,True,True,True,True
封昌宏 - 股票信託課稅之爭議問題研究.pdf,53183,2,963,1,0,164,0,0,0,0,0,0,0,1,0,False,True,True,True,True,True
尤重道 - 使用牌照稅法違章之處罰（下）.pdf,7792,1,84,1,0,0,0,0,0,0,0,0,0,0,0,False,True,True,True,True,True
廖欽福 - 特種貨物及勞務稅條例之立法評析－居住正義之實現與奢侈稅之開徵.pdf,35405,1,834,1,0,0,0,0,50,0,0,0,0,0,32,True,True,True,True,True,False
廖欽福 - 能源稅的美麗新世界－環境能源公課之課徵及其憲法界限.pdf,54902,8,995,1,0,0,0,0,4,0,0,0,0,0,11,False,True,True,True,True,True
張偉志 - 稅保法「基本生活費不得課稅」應回歸所得稅法進行全面修正.pdf,8347,2,193,1,0,0,0,0,0,0,0,0,0,0,0,False,True,True,True,True,True
張哲瑋 - 稅務預先核釋制度現況分析與檢討.pdf,54107,5,1400,1,0,4,0,0,14,0,0,0,0,0,4,False,True,True,True,True,True
張志偉 and 黃儉華 - 土地使用變更之捐地課稅爭議－從租稅法定原則出發.pdf,36214,2,744,2,0,0,0,0,2,0,0,0,0,0,4,False,True,True,True,True,True
張文郁 - 論撤銷課稅處分訴訟之訴訟標的.pdf,43979,2,305,1,0,0,0,0,4,0,0,0,0,0,0,False,True,True,True,True,True
張獻聰 - 漏稅罰？行為罰？－評析高高行 91 年訴 743 號及最高行 94 年判 01494 號判決－上.pdf,6780,1,22,1,0,0,0,0,8,0,0,0,0,0,6,False,True,True,True,True,True
張獻聰 - 漏稅罰？行為罰？－評析高高行 91 年訴 743 號及最高行 94 年判 01494 號判決－下.pdf,5766,4,17,4,0,0,0,0,6,0,0,0,0,0,6,False,True,True,True,True,True
張藏文 - 量能課稅原則與稅捐爭訟.pdf,37589,7,972,4,0,0,0,0,8,0,0,0,0,0,0,False,True,True,True,True,True
張進德 - 所得稅法之缺失與修法方向.pdf,118075,0,0,0,0,0,0,0,0,0,0,0,0,0,0,False,False,False,False,True,False
張進德 - 非生產事業發行股票溢價課稅之商榷？－評釋字第 315 號解釋.pdf,23262,3,525,1,0,60,0,0,42,0,0,0,0,0,13,False,True,True,True,True,True
李介民 - 稅務行政上附隨義務.pdf,28078,2,632,2,0,1,0,0,17,0,0,0,0,0,0,False,True,True,True,True,True
李依珊 - 稅捐稽徵機關對裁判憲法審查的因應之道.pdf,54506,2,759,1,0,0,0,0,43,0,0,2,0,0,0,False,True,True,True,True,True
李念祖 - 稅的憲法界限？－司法院釋字第 641 號解釋的稅法立場試讀.pdf,21131,1,372,1,0,0,0,0,1,0,0,0,0,0,0,False,True,True,True,True,True
李惠宗 - 使用稅務人頭的罪與罰－最高行政法院判決 93 年度判字第 1519 號及 96 年度判字第 1270 號判決評釋.pdf,19300,1,374,1,0,1,0,1,0,0,0,0,0,97,23,False,True,True,True,True,True
李惠宗 - 稅法上「經濟觀察法」的適用及其界限－兼論錯誤的實質課稅「原則」（上）.pdf,26855,6,644,5,0,0,0,0,15,0,0,0,0,0,0,False,True,True,True,True,True
李惠宗 - 稅法上「經濟觀察法」的適用及其界限－兼論錯誤的實質課稅「原則」（下）.pdf,36221,3,951,1,0,2,0,0,86,0,0,0,0,0,0,False,True,True,True,True,True
李揚 - 大陸企業破產清算中的稅收優先權問題研究.pdf,21392,13,590,1,0,0,0,0,5,0,0,0,0,4,2,False,True,True,True,True,True
李洙德 - 後肺炎時期新經濟關係對台灣稅務的新思維.pdf,1406,7,12,1,0,0,0,0,0,0,0,0,0,0,0,False,True,True,True,True,True
李洙德 - 租稅公平與公私法之界線.pdf,6368,1,112,1,0,0,0,0,2,0,0,0,0,0,0,False,True,True,True,True,True
柯格鐘 - 不動產稅制改革芻議－下.pdf,7543,4,30,2,1,1,0,1,5,0,0,0,0,0,8,False,True,True,True,True,True
柯格鐘 - 事實認定錯誤之溢繳稅款的返還－最高行政法院 107 年度判字第 340 號判決評釋.pdf,12066,10,352,3,7,0,0,2,2,0,3,0,0,0,0,False,True,True,True,True,True
柯格鐘 - 借用他人名義在特銷稅上的評價－最高行政法院 109 年度上字第 5886 號判決簡評.pdf,12926,80,527,59,14,2,4,10,7,0,0,0,0,0,0,False,True,True,True,True,True
柯格鐘 - 再論租稅刑罰與租稅行政罰之關係.pdf,9626,13,288,3,10,0,0,0,29,0,1,0,0,1,0,False,True,True,True,True,True
柯格鐘 - 實質課稅原則與其在稅捐程序法中之運用－兼論稅捐稽徵法第 12 條之 1 的增訂.pdf,55696,9,1311,4,0,0,0,0,18,0,0,0,0,0,0,False,True,True,True,True,True
柯格鐘 - 對於我國稅改政策之建議.pdf,11124,1,411,1,0,0,0,0,15,0,0,0,0,1,0,False,True,True,True,True,True
柯格鐘 - 房地合一實價課稅問題與挑戰.pdf,7367,2,223,2,0,0,0,0,7,0,0,2,0,0,0,False,True,True,True,True,True
柯格鐘 - 稅捐稽徵協力義務、推計課稅與協力義務違反的制裁－以納稅者權利保護法第 14 條規定討論與條文修正建議為中心.pdf,78823,5,2241,1,1,0,0,0,90,0,0,4,0,0,1,False,True,True,True,True,True
柯格鐘 - 稅捐規避之判斷、核課期間與起算點－以農地即將公用徵收前夕之移轉贈與為例.pdf,20982,1,572,1,0,2,0,0,0,0,0,0,0,0,0,False,True,True,True,True,True
柯格鐘 - 稅捐規避及其相關聯概念之辨正.pdf,36507,22,808,3,11,1,3,0,26,4,9,1,0,1,36,False,True,True,True,True,True
柯格鐘 - 股票孳息他益信託之課稅－從信託法理談起.pdf,15831,4,175,3,1,41,0,1,2,0,0,0,0,0,0,False,True,True,True,True,True
柯格鐘 - 論所得稅法之所得分類.pdf,14283,11,198,1,0,1,0,0,27,0,0,15,0,0,26,False,True,True,True,True,True
柯格鐘 - 論權證之課稅－從我國稅捐實務作法與理論的差距談起.pdf,24763,1,422,1,0,71,0,0,8,0,0,0,0,3,0,False,True,True,True,True,True
柯格鐘 - 論稅捐正義的追尋：從憲法平等原則到稅法量能課稅原則的路徑.pdf,79315,1,890,1,0,5,0,0,6,0,0,0,0,0,13,False,True,True,True,True,True
柯格鐘 - 論稅捐規避行為之立法與行為的類型化.pdf,66891,35,1642,26,4,2,0,3,26,0,0,0,0,2,0,False,True,True,True,True,True
柯格鐘 - 財政權限劃分與地方稅.pdf,55448,2,955,2,0,0,0,0,41,0,0,0,0,1,0,False,True,True,True,True,True
江彥佐 - 營業稅法信託課稅問題之研討－以德國法為比較中心（上）.pdf,22957,8,429,2,3,1,0,2,286,0,0,0,0,0,0,True,True,True,True,True,False
王志誠 and 葛冠琳 - 從實質課稅原則論贈與不法所得之課稅問題.pdf,21718,8,610,6,1,0,0,0,0,0,0,0,0,7,0,False,True,True,True,True,True
王麗真 - 房子都無償借給你了，我還要繳稅？.pdf,1555,17,31,9,0,0,0,0,6,0,0,0,0,0,0,False,True,True,True,True,True
盛子龍 - 租稅法上舉證責任、證明度與類型化方法之研究－以贈與稅課徵要件上贈與合意之證明為中心.pdf,53022,9,797,5,0,1,0,0,3,0,0,0,0,20,6,False,True,True,True,True,True
盧世寧 - 專利侵權損害賠償之所得性質及課稅問題之研究－兼評最高行政法院 94 年度判字第 00807 號判決.pdf,29586,3,106,3,0,2,0,0,5,0,0,0,0,0,0,False,True,True,True,True,True
盧世寧 - 屏東國立海洋生物博物館進口白鯨案稅捐爭議問題研究.pdf,24842,22,534,14,0,0,0,0,19,5,0,0,0,0,26,False,True,True,True,True,True
盧世寧 - 海關代徵營業稅之利息問題.pdf,8357,2,311,1,0,0,0,0,90,0,0,0,0,0,0,False,True,True,True,True,True
盧世寧 - 論租稅關係人交易之法人格否認.pdf,37986,2,603,1,0,0,0,0,64,0,0,0,0,0,6,True,True,True,True,True,False
葛克昌 - 信託行為與實質課稅原則.pdf,7295,3,212,3,0,0,0,0,11,0,0,0,0,0,0,False,True,True,True,True,True
葛克昌 - 法律原則與稅法裁判（上）.pdf,31192,2,554,1,0,0,0,0,19,0,0,0,0,0,27,False,True,True,True,True,True
葛克昌 - 稅捐稽徵之法治國要求－國家課稅權之基礎規範.pdf,30908,2,843,1,0,0,0,0,7,0,0,0,0,0,2,False,True,True,True,True,True
葛克昌 - 稅法適用：第三講 經濟觀察法與量能原則.pdf,8077,5,198,5,0,0,0,0,1,0,0,0,0,0,0,False,True,True,True,True,True
葛克昌 - 稅法適用：第四講 脫法避稅與法律補充.pdf,13200,4,326,1,0,0,0,0,1,0,0,0,0,0,0,False,True,True,True,True,True
葛克昌 - 納稅者權利保護法第 7 條租稅規避免罰之規定探討－以 Uber 案觀察為例.pdf,9345,2,278,2,0,0,0,0,20,0,0,0,0,0,0,False,True,True,True,True,True
葛克昌 and 藍元駿 - 作為納稅者權利保護法淵源之稅法判決.pdf,22072,7,483,2,0,0,0,0,5,0,0,0,0,0,0,False,True,True,True,True,True
蔡孟彥 - 從代位權與撤銷詐害債權行為之增訂看本次稅捐稽徵法之修正.pdf,15002,1,353,1,0,0,0,0,1,0,0,0,0,0,0,False,True,True,True,True,True
蔡茂寅 - 實質課稅原則與租稅法律主義.pdf,6961,2,223,2,0,0,0,0,2,0,0,0,0,0,0,False,True,True,True,True,True
藍元駿 - 全球租稅正義及其方法論初探－全球化的管制理論及其在稅法領域的運用.pdf,26078,4,471,4,0,0,0,0,0,0,0,0,0,0,21,False,True,True,True,True,True
藍元駿 - 兩岸稅務管理與多層次規範體系－CFC 的社會學式考察.pdf,15188,1,325,1,0,0,0,0,2,0,0,0,0,0,0,False,True,True,True,True,True
藍元駿 - 再論債法理論於稅法領域的適用－試以贈與稅為例兼論國際稅捐債權的法律性質.pdf,22783,19,616,16,0,0,0,0,1,0,0,0,0,0,0,False,True,True,True,True,True
藍元駿 - 歐盟多層次治理與超國界稅法規範體系－國際租稅債權法及其方法論序說.pdf,34022,2,506,1,0,0,0,0,0,0,0,0,0,0,1,False,True,True,True,True,True
藍元駿 - 現代國家課稅之法理基礎－中世紀稅制之法文化觀.pdf,138045,0,0,0,0,0,0,0,0,0,0,0,0,0,0,False,False,False,False,True,False
藍元駿 - 租稅國理念下之財產繼承制度－以遺產稅之憲法意義為中心.pdf,22862,3,507,3,0,0,0,0,0,0,0,0,0,0,0,False,True,True,True,True,True
藍元駿 - 稅捐債務作為繼承之標的－從最高行政法院九十二年九月與九十三年二月庭長法官聯席會議出發.pdf,44855,3,1108,3,0,0,0,0,10,0,0,0,0,0,0,False,True,True,True,True,True
藍元駿 - 稅捐債務法基本問題－公法債務與私法債務.pdf,15354,9,373,9,0,0,0,0,0,0,0,0,0,0,0,False,True,True,True,True,True
藍元駿 - 美國遺產及贈與稅條約範本之研究.pdf,35622,3,877,2,0,0,0,0,8,0,0,0,0,0,1,False,True,True,True,True,True
藍元駿 - 西方稅捐法制之繼受及其限制－中西稅制比較的一個起點.pdf,64385,0,0,0,0,0,0,0,0,0,0,0,0,0,0,False,False,False,False,True,False
藍元駿 - 重訪租稅國危機及其憲法課題：全球與區域觀點.pdf,45217,8,863,6,0,0,0,0,1,0,0,0,0,0,0,False,True,True,True,True,True
袁義昕 - 從比較法觀點論特種貨物及勞務稅條例.pdf,45175,1,943,1,0,0,0,0,13,0,0,0,0,0,0,False,True,True,True,True,True
袁義昕 - 智慧財產權流通運用之租稅抵減－以產創條例第 12 條之 1 第 1 項為中心.pdf,7933,1,15,1,0,5,0,0,3,0,0,0,0,0,8,False,True,True,True,True,True
謝碧珠 - 設算利息收入與剔除已支付利息費用之法制調和問題研究－以營利事業所得稅查核準則第 97 條第 11 款為核心.pdf,10380,15,156,2,0,0,0,0,20,0,0,0,0,0,0,False,True,True,True,True,True
邱晨 - 實質課稅原則在稅捐規避案例的適用－借用德國實務經驗.pdf,33776,35,565,31,0,0,0,0,48,0,0,0,0,5,0,False,True,True,True,True,True
邱晨 - 德國法上稅捐規避防堵的概括條款－以探討稅捐規避之構成要件及法適用為中心.pdf,46470,2,1002,2,0,0,0,0,16,0,0,0,0,0,13,False,True,True,True,True,True
邱晨 - 所得稅法上私人費用扣除的憲法基礎以及界限－以德國法制為參考.pdf,60125,5,964,3,0,0,0,0,0,0,0,0,0,0,4,False,True,True,True,True,True
邱晨 - 論稅捐處分撤銷訴訟之裁判類型－以德國財務法院法為中心.pdf,65281,4,929,2,0,0,0,0,16,0,0,0,0,0,0,False,True,True,True,True,True
陳明 - 論投資抵減租稅優惠－以日本薪資、生產力提升稅制為例.pdf,6627,1,225,1,0,0,0,0,3,0,0,0,0,0,6,False,True,True,True,True,True
陳明燦 - 地價稅納稅主體變更之法律問題分析.pdf,6276,7,218,4,0,0,0,0,0,0,0,0,0,0,6,False,True,True,True,True,True
陳昭如 - 父母盡義務，姑姑做功德？－單身無子女性的照顧權與扶養免稅額爭議.pdf,34539,1,327,1,0,0,0,0,0,0,0,0,0,0,1,False,True,True,True,True,True
陳汶津 - 對臺灣環境稅立法的幾點建議.pdf,46034,1,645,1,0,0,0,0,6,0,0,0,0,0,3,False,True,True,True,True,True
陳汶津 and 廖欽福 - 貪污犯罪與租稅資訊之揭露－以德國經驗為例.pdf,28663,2,437,1,0,0,0,0,22,0,0,0,0,0,0,False,True,True,True,True,True
陳清秀 - 使用牌照稅法律體系之分析－上.pdf,8298,2,27,1,0,0,0,0,20,0,0,0,0,0,0,False,True,True,True,True,True
陳清秀 - 國際稅法上權利金所得之課稅.pdf,23247,1,333,1,0,0,0,0,36,0,0,0,0,0,0,True,True,True,True,True,False
陳清秀 - 實質課稅原則之適用界限.pdf,42204,18,881,7,4,28,0,0,77,0,3,0,0,5,0,False,True,True,True,True,True
陳清秀 - 實質課稅原則裁判之研討.pdf,46528,15,1233,5,1,9,0,0,157,3,1,0,0,1,57,False,True,True,True,True,True
陳清秀 - 從整體法律秩序統一性觀點探討稅法與民法之關係.pdf,47112,18,876,17,0,2,0,0,76,0,0,0,0,0,7,False,True,True,True,True,True
陳清秀 - 所得稅法上之信託課稅－以綜合所得稅為中心.pdf,64512,19,1312,1,14,21,0,0,21,0,12,0,0,0,10,False,True,True,True,True,True
陳清秀 - 營業稅法之罰則體系（下）.pdf,19134,11,547,3,0,0,1,0,245,6,0,0,0,0,0,False,True,True,True,True,True
陳清秀 - 租稅協定之解釋適用（上）.pdf,28851,2,667,1,0,0,0,0,2,0,0,0,0,0,0,False,True,True,True,True,True
陳清秀 - 租稅協定相關問題之探討.pdf,33093,6,1027,1,0,0,0,0,15,0,0,0,0,0,0,False,True,True,True,True,True
陳清秀 - 稅務行政爭訟舉證責任相關問題探討.pdf,37881,14,708,2,2,4,0,0,82,2,1,0,0,0,0,False,True,True,True,True,True
陳清秀 - 稅法上借牌營業課稅問題之探討－從體系正義觀點出發.pdf,41811,280,886,33,62,1,7,7,411,171,29,0,0,3,52,False,True,True,True,True,True
陳清秀 - 稅法學研究方法論初探.pdf,13917,1,269,1,0,0,0,0,20,0,0,0,0,0,13,False,True,True,True,True,True
陳清秀 - 稅法的融合理論.pdf,34561,18,687,14,0,0,0,0,29,4,0,0,0,0,0,False,True,True,True,True,True
陳清秀 - 納稅人權利保障之法理－兼評納稅人權利保護法草案.pdf,28303,2,1012,1,0,6,0,0,0,0,0,2,0,0,0,False,True,True,True,True,True
陳清秀 - 自然人之居民課稅管轄權－各國立法例之比較.pdf,28735,4,477,1,0,2,0,0,7,0,0,0,0,0,0,False,True,True,True,True,True
陳清秀 - 行政法院歷年來優良稅法判決評析.pdf,23012,2,395,1,1,1,0,0,61,0,0,0,0,2,22,False,True,True,True,True,True
陳清秀 - 論稅法上類型化.pdf,44738,14,639,4,0,1,0,0,9,0,0,0,0,1,39,False,True,True,True,True,True
陳清秀 - 論稅法上類型化（下）.pdf,24508,12,390,4,0,0,0,0,6,0,0,0,0,1,21,False,True,True,True,True,True
陳清秀 - 量能課稅原則在所得稅法上之實踐－綜合所得稅裁判之評析.pdf,38484,10,878,4,0,16,0,0,11,0,0,0,0,0,44,False,True,True,True,True,True
陳清秀 - 量能課稅與實質課稅原則（下）.pdf,23586,5,810,4,0,8,0,0,29,0,0,0,0,0,31,False,True,True,True,True,True
陳衍任 - 地價稅的減免事由消滅及其責任歸屬－評臺北高等行政法院高等庭 112 年度訴字第 14 號判決.pdf,9906,11,207,9,0,0,0,0,2,0,0,0,0,0,0,False,True,True,True,True,True
陳衍任 - 外幣兌換損益的稅捐課徵.pdf,58522,34,788,1,0,0,0,0,22,0,0,0,0,8,0,False,True,True,True,True,True
陳衍任 - 跨國權利金支付的稅捐課徵－從 BEPS 第 5 號行動方案檢視「歐洲專利盒制度」與「限制權利金費用認列規定」.pdf,77730,4,1015,1,0,0,0,0,40,0,0,0,0,2,10,True,True,True,True,True,False
黃俊杰 - 稅捐法律意見書（二）.pdf,3286,4,102,2,0,0,0,0,11,0,0,0,0,0,4,False,True,True,True,True,True
黃俊杰 - 稅捐行政執行之損害賠償（中）.pdf,7861,1,92,1,0,0,0,0,0,0,0,0,0,0,0,False,True,True,True,True,True
黃源浩 - 不動產無償供他人使用設算所得課稅.pdf,7266,39,145,24,0,0,0,0,10,0,0,0,0,0,0,False,True,True,True,True,True
黃源浩 - 企業併購案件中的商譽攤銷與納稅人協力義務的界限.pdf,51328,3,660,3,0,0,0,0,23,0,0,0,0,0,1,True,True,True,True,True,False
黃源浩 - 實質課稅與稅捐規避行為之舉證責任.pdf,38255,23,876,4,7,0,0,0,22,0,1,1,0,0,6,False,True,True,True,True,True
黃源浩 - 法國不動產稅制簡介.pdf,30193,1,827,1,0,0,0,0,12,0,0,0,0,0,0,False,True,True,True,True,True
黃源浩 - 營業稅法上協力義務及違反義務之法律效果.pdf,22640,1,578,1,0,0,0,0,165,0,0,1,0,1,0,False,True,True,True,True,True
黃源浩 - 租稅法律上概括條款、法律漏洞與法治國原則－評大法官釋字第521號解釋.pdf,14147,1,134,1,0,1,0,0,0,0,0,2,0,0,11,False,True,True,True,True,True
黃源浩 - 納稅者權利保護法施行後之稅捐規避.pdf,25308,22,713,3,0,0,0,0,14,0,0,0,0,0,0,False,True,True,True,True,True
黃源浩 - 論國際稅法中的「受益所有人」概念.pdf,54776,6,778,2,0,8,0,1,9,0,0,0,0,2,54,False,True,True,True,True,True
黃源浩 - 論經營管理不干涉原則－中國大陸企業所得稅法第 47 條規範意旨之再思考.pdf,21443,1,400,1,0,0,0,0,36,0,0,0,0,0,15,False,True,True,True,True,True
黃源浩 - 遺贈與死因贈與在遺產及贈與稅法上的區別.pdf,8087,2,229,2,0,0,0,0,1,0,0,0,0,0,0,False,True,True,True,True,True
黃耀南 - 稅捐裁罰處分與法律保留原則之探討－司法院釋字第 619 號等相關解釋.pdf,20114,1,231,1,0,0,0,0,1,0,0,2,0,0,0,False,True,True,True,True,True
